Name,DexID,Status,Order,Essence,Vibrance,Density,Harmony,Purity,Ecosystem,Environment,EncounterRank,DataQuality,SourceRow,RegistryScope,CanonicalDisposition,IDStatus,StatVerification,GrowthPolicy,EcologyVerification,SuggestedMergeTarget,FormBaseCandidate,StatTotal,StatAverage,StatSpread,ReviewPriority,ReviewFlags,ProposedVibrance,ProposedDensity,ProposedHarmony,ProposedPurity,ProposalDelta,ProposalGate
15 Karat,,PENDING REVIEW,Zoa,Aura,50,46,65,63,mid-tier omnivore,Great Plains,Uncommon,ESTIMATED,464,Unnumbered Archive / Intake,INTAKE; CANON PROMOTION REQUIRED,NO PRODUCTION ID — DO NOT ASSIGN,NOT VERIFIED — IMPORTED VALUES,UNVERIFIED; FORMS REQUIRE CONSENT / CANON REVIEW,PLACEHOLDER-LIKELY; HABITAT/ROLE REVIEW,,,224,56.0,19,LOW,,50,46,65,63,0,NO NUMERIC CHANGE PROPOSED
Aardhymn,DEX-070,PERMANENT DEX,Zoa,Aura,72,45,81,63,mid-tier omnivore,Great Plains,Rare,DEX-CONFIRMED,71,Protected Core 001–125,CORE SLOT; EXISTING PERMANENT LABEL,PROTECTED SLOT PRESENT; IDENTITY APPROVAL NOT INFERRED,NOT VERIFIED — IMPORTED VALUES,UNVERIFIED; FORMS REQUIRE CONSENT / CANON REVIEW,PLACEHOLDER-LIKELY; HABITAT/ROLE REVIEW,,,261,65.25,36,LOW,,72,45,81,63,0,NO NUMERIC CHANGE PROPOSED
Abyssal-Hades,,RETIRED,Zoa,Shade,47,54,69,80,abyssal scavenger,Great Plains,Uncommon,ESTIMATED,513,Unnumbered Archive / Intake,ARCHIVE; DO NOT SHIP,NO PRODUCTION ID — DO NOT ASSIGN,NOT VERIFIED — IMPORTED VALUES,UNVERIFIED; FORMS REQUIRE CONSENT / CANON REVIEW,PLACEHOLDER-LIKELY; HABITAT/ROLE REVIEW,,,250,62.5,33,MEDIUM,RETIRED: EXCLUDE FROM ACTIVE ROSTER,47,54,69,80,0,NO NUMERIC CHANGE PROPOSED
Abyssgrin,,PENDING REVIEW,Zoa,Shade,77,75,76,48,abyssal scavenger,Great Plains,Uncommon,ESTIMATED,189,Unnumbered Archive / Intake,INTAKE; CANON PROMOTION REQUIRED,NO PRODUCTION ID — DO NOT ASSIGN,NOT VERIFIED — IMPORTED VALUES,UNVERIFIED; FORMS REQUIRE CONSENT / CANON REVIEW,PLACEHOLDER-LIKELY; HABITAT/ROLE REVIEW,,,276,69.0,29,LOW,,77,75,76,48,0,NO NUMERIC CHANGE PROPOSED
Abysslurk,,PENDING REVIEW,Zoa,Shade,80,77,79,67,abyssal scavenger,Great Plains,Uncommon,ESTIMATED,465,Unnumbered Archive / Intake,INTAKE; CANON PROMOTION REQUIRED,NO PRODUCTION ID — DO NOT ASSIGN,NOT VERIFIED — IMPORTED VALUES,UNVERIFIED; FORMS REQUIRE CONSENT / CANON REVIEW,PLACEHOLDER-LIKELY; HABITAT/ROLE REVIEW,,,303,75.75,13,LOW,,80,77,79,67,0,NO NUMERIC CHANGE PROPOSED
Abyssola,,PENDING REVIEW,Zoa,Shade,75,62,54,73,abyssal scavenger,Great Plains,Uncommon,ESTIMATED,466,Unnumbered Archive / Intake,INTAKE; CANON PROMOTION REQUIRED,NO PRODUCTION ID — DO NOT ASSIGN,NOT VERIFIED — IMPORTED VALUES,UNVERIFIED; FORMS REQUIRE CONSENT / CANON REVIEW,PLACEHOLDER-LIKELY; HABITAT/ROLE REVIEW,,,264,66.0,21,LOW,,75,62,54,73,0,NO NUMERIC CHANGE PROPOSED
Abyssroot Keeper,,PENDING REVIEW,Flora,Shade,64,73,100,50,soil engineer,Great Plains,Uncommon,ESTIMATED,527,Unnumbered Archive / Intake,INTAKE; CANON PROMOTION REQUIRED,NO PRODUCTION ID — DO NOT ASSIGN,NOT VERIFIED — IMPORTED VALUES,UNVERIFIED; FORMS REQUIRE CONSENT / CANON REVIEW,PLACEHOLDER-LIKELY; HABITAT/ROLE REVIEW,,,287,71.75,50,MEDIUM,HIGH STAT >=96: INTENT REVIEW; STAT SPREAD >=50: ROLE REVIEW,64,73,95,50,-5,DRAFT CAP SUGGESTION; NOT APPROVED
Aerovortex,,PENDING REVIEW,Zoa,Aero,90,45,61,48,mid-tier omnivore,Great Plains,Uncommon,ESTIMATED,443,Unnumbered Archive / Intake,INTAKE; CANON PROMOTION REQUIRED,NO PRODUCTION ID — DO NOT ASSIGN,NOT VERIFIED — IMPORTED VALUES,UNVERIFIED; FORMS REQUIRE CONSENT / CANON REVIEW,PLACEHOLDER-LIKELY; HABITAT/ROLE REVIEW,,,244,61.0,45,LOW,,90,45,61,48,0,NO NUMERIC CHANGE PROPOSED
Aether-Valkyrie,,PENDING REVIEW,Zoa,Aura,64,84,57,75,mid-tier omnivore,Great Plains,Uncommon,ESTIMATED,507,Unnumbered Archive / Intake,INTAKE; CANON PROMOTION REQUIRED,NO PRODUCTION ID — DO NOT ASSIGN,NOT VERIFIED — IMPORTED VALUES,UNVERIFIED; FORMS REQUIRE CONSENT / CANON REVIEW,PLACEHOLDER-LIKELY; HABITAT/ROLE REVIEW,,,280,70.0,27,LOW,,64,84,57,75,0,NO NUMERIC CHANGE PROPOSED
Aether-Wisp,,PENDING REVIEW,Zoa,Aura,70,75,67,60,mid-tier omnivore,Great Plains,Uncommon,ESTIMATED,370,Unnumbered Archive / Intake,INTAKE; CANON PROMOTION REQUIRED,NO PRODUCTION ID — DO NOT ASSIGN,NOT VERIFIED — IMPORTED VALUES,UNVERIFIED; FORMS REQUIRE CONSENT / CANON REVIEW,PLACEHOLDER-LIKELY; HABITAT/ROLE REVIEW,,,272,68.0,15,LOW,,70,75,67,60,0,NO NUMERIC CHANGE PROPOSED
Aetherwing Seraphin,,PENDING REVIEW,Zoa,Aero,90,55,85,45,mid-tier omnivore,Great Plains,Uncommon,ESTIMATED,371,Unnumbered Archive / Intake,INTAKE; CANON PROMOTION REQUIRED,NO PRODUCTION ID — DO NOT ASSIGN,NOT VERIFIED — IMPORTED VALUES,UNVERIFIED; FORMS REQUIRE CONSENT / CANON REVIEW,PLACEHOLDER-LIKELY; HABITAT/ROLE REVIEW,,,275,68.75,45,LOW,,90,55,85,45,0,NO NUMERIC CHANGE PROPOSED
Aetherwing Warden,,PENDING REVIEW,Zoa,Aero,68,77,88,72,territorial guardian,Great Plains,Uncommon,ESTIMATED,522,Unnumbered Archive / Intake,INTAKE; CANON PROMOTION REQUIRED,NO PRODUCTION ID — DO NOT ASSIGN,NOT VERIFIED — IMPORTED VALUES,UNVERIFIED; FORMS REQUIRE CONSENT / CANON REVIEW,PLACEHOLDER-LIKELY; HABITAT/ROLE REVIEW,,,305,76.25,20,LOW,,68,77,88,72,0,NO NUMERIC CHANGE PROPOSED
Aevoryn Colossus,,PENDING REVIEW,Zoa,Aura,58,96,56,70,apex predator,Great Plains,Alpha,ESTIMATED,534,Unnumbered Archive / Intake,INTAKE; CANON PROMOTION REQUIRED,NO PRODUCTION ID — DO NOT ASSIGN,NOT VERIFIED — IMPORTED VALUES,UNVERIFIED; FORMS REQUIRE CONSENT / CANON REVIEW,PLACEHOLDER-LIKELY; HABITAT/ROLE REVIEW,,,280,70.0,40,MEDIUM,HIGH STAT >=96: INTENT REVIEW,58,96,56,70,0,NO NUMERIC CHANGE PROPOSED
Africanized Queen,DEX-042,PERMANENT DEX,Zoa,Voltic,76,62,59,75,mid-tier omnivore,Great Plains,Rare,DEX-CONFIRMED,43,Protected Core 001–125,CORE SLOT; EXISTING PERMANENT LABEL,PROTECTED SLOT PRESENT; IDENTITY APPROVAL NOT INFERRED,NOT VERIFIED — IMPORTED VALUES,UNVERIFIED; FORMS REQUIRE CONSENT / CANON REVIEW,PLACEHOLDER-LIKELY; HABITAT/ROLE REVIEW,,,272,68.0,17,LOW,,76,62,59,75,0,NO NUMERIC CHANGE PROPOSED
Afterglow,,PENDING REVIEW,Zoa,Aura,54,55,45,58,mid-tier omnivore,Great Plains,Uncommon,ESTIMATED,238,Unnumbered Archive / Intake,INTAKE; CANON PROMOTION REQUIRED,NO PRODUCTION ID — DO NOT ASSIGN,NOT VERIFIED — IMPORTED VALUES,UNVERIFIED; FORMS REQUIRE CONSENT / CANON REVIEW,PLACEHOLDER-LIKELY; HABITAT/ROLE REVIEW,,,212,53.0,13,LOW,,54,55,45,58,0,NO NUMERIC CHANGE PROPOSED
Ambergrain,,PENDING REVIEW,Zoa,Torrent,65,61,55,76,mid-tier omnivore,Rotting Maw wetlands,Uncommon,ESTIMATED,279,Unnumbered Archive / Intake,INTAKE; CANON PROMOTION REQUIRED,NO PRODUCTION ID — DO NOT ASSIGN,NOT VERIFIED — IMPORTED VALUES,UNVERIFIED; FORMS REQUIRE CONSENT / CANON REVIEW,PLACEHOLDER-LIKELY; HABITAT/ROLE REVIEW,,,257,64.25,21,LOW,,65,61,55,76,0,NO NUMERIC CHANGE PROPOSED
Anstronaut,,PENDING REVIEW,Zoa,Aura,62,61,75,45,mid-tier omnivore,Great Plains,Uncommon,ESTIMATED,320,Unnumbered Archive / Intake,INTAKE; CANON PROMOTION REQUIRED,NO PRODUCTION ID — DO NOT ASSIGN,NOT VERIFIED — IMPORTED VALUES,UNVERIFIED; FORMS REQUIRE CONSENT / CANON REVIEW,PLACEHOLDER-LIKELY; HABITAT/ROLE REVIEW,,,243,60.75,30,LOW,,62,61,75,45,0,NO NUMERIC CHANGE PROPOSED
Apis Regina,,PENDING REVIEW,Zoa,Aura,80,62,67,68,canopy pollinator,Great Plains,Legendary,ESTIMATED,421,Unnumbered Archive / Intake,INTAKE; CANON PROMOTION REQUIRED,NO PRODUCTION ID — DO NOT ASSIGN,NOT VERIFIED — IMPORTED VALUES,UNVERIFIED; FORMS REQUIRE CONSENT / CANON REVIEW,PLACEHOLDER-LIKELY; HABITAT/ROLE REVIEW,,,277,69.25,18,LOW,,80,62,67,68,0,NO NUMERIC CHANGE PROPOSED
Applehorn,,PENDING REVIEW,Zoa,Terra,75,81,45,71,mid-tier omnivore,Great Plains,Uncommon,ESTIMATED,280,Unnumbered Archive / Intake,INTAKE; CANON PROMOTION REQUIRED,NO PRODUCTION ID — DO NOT ASSIGN,NOT VERIFIED — IMPORTED VALUES,UNVERIFIED; FORMS REQUIRE CONSENT / CANON REVIEW,PLACEHOLDER-LIKELY; HABITAT/ROLE REVIEW,,,272,68.0,36,LOW,,75,81,45,71,0,NO NUMERIC CHANGE PROPOSED
Aqua-Drift,,PENDING REVIEW,Zoa,Torrent,50,75,74,55,mid-tier omnivore,Rotting Maw wetlands,Uncommon,ESTIMATED,358,Unnumbered Archive / Intake,INTAKE; CANON PROMOTION REQUIRED,NO PRODUCTION ID — DO NOT ASSIGN,NOT VERIFIED — IMPORTED VALUES,UNVERIFIED; FORMS REQUIRE CONSENT / CANON REVIEW,PLACEHOLDER-LIKELY; HABITAT/ROLE REVIEW,,,254,63.5,25,LOW,,50,75,74,55,0,NO NUMERIC CHANGE PROPOSED
Aqua-Puff,,PENDING REVIEW,Zoa,Torrent,65,68,75,51,mid-tier omnivore,Rotting Maw wetlands,Uncommon,ESTIMATED,518,Unnumbered Archive / Intake,INTAKE; CANON PROMOTION REQUIRED,NO PRODUCTION ID — DO NOT ASSIGN,NOT VERIFIED — IMPORTED VALUES,UNVERIFIED; FORMS REQUIRE CONSENT / CANON REVIEW,PLACEHOLDER-LIKELY; HABITAT/ROLE REVIEW,,,259,64.75,24,LOW,,65,68,75,51,0,NO NUMERIC CHANGE PROPOSED
Aqualin,,PENDING REVIEW,Zoa,Torrent,49,48,70,54,mid-tier omnivore,Rotting Maw wetlands,Uncommon,ESTIMATED,537,Unnumbered Archive / Intake,INTAKE; CANON PROMOTION REQUIRED,NO PRODUCTION ID — DO NOT ASSIGN,NOT VERIFIED — IMPORTED VALUES,UNVERIFIED; FORMS REQUIRE CONSENT / CANON REVIEW,PLACEHOLDER-LIKELY; HABITAT/ROLE REVIEW,,,221,55.25,22,LOW,,49,48,70,54,0,NO NUMERIC CHANGE PROPOSED
Aqualoom,,PENDING REVIEW,Zoa,Torrent,46,59,52,45,mid-tier omnivore,Rotting Maw wetlands,Uncommon,ESTIMATED,532,Unnumbered Archive / Intake,INTAKE; CANON PROMOTION REQUIRED,NO PRODUCTION ID — DO NOT ASSIGN,NOT VERIFIED — IMPORTED VALUES,UNVERIFIED; FORMS REQUIRE CONSENT / CANON REVIEW,PLACEHOLDER-LIKELY; HABITAT/ROLE REVIEW,,,202,50.5,14,LOW,,46,59,52,45,0,NO NUMERIC CHANGE PROPOSED
Aqualume,,PENDING REVIEW,Zoa,Torrent,63,49,54,82,mid-tier omnivore,Rotting Maw wetlands,Uncommon,ESTIMATED,440,Unnumbered Archive / Intake,INTAKE; CANON PROMOTION REQUIRED,NO PRODUCTION ID — DO NOT ASSIGN,NOT VERIFIED — IMPORTED VALUES,UNVERIFIED; FORMS REQUIRE CONSENT / CANON REVIEW,PLACEHOLDER-LIKELY; HABITAT/ROLE REVIEW,,,248,62.0,33,LOW,,63,49,54,82,0,NO NUMERIC CHANGE PROPOSED
Aquanith,DEX-115,PENDING REVIEW,Zoa,Torrent,58,84,66,66,mid-tier omnivore,Rotting Maw wetlands,Uncommon,DEX-CONFIRMED,116,Protected Core 001–125,CORE SLOT; PENDING REVIEW,PROTECTED SLOT PRESENT; IDENTITY APPROVAL NOT INFERRED,NOT VERIFIED — IMPORTED VALUES,UNVERIFIED; FORMS REQUIRE CONSENT / CANON REVIEW,PLACEHOLDER-LIKELY; HABITAT/ROLE REVIEW,,,274,68.5,26,MEDIUM,CORE NAME/FORM PENDING,58,84,66,66,0,NO NUMERIC CHANGE PROPOSED
Aquashell,,PENDING REVIEW,Zoa,Torrent,56,65,79,47,mid-tier omnivore,Rotting Maw wetlands,Uncommon,ESTIMATED,389,Unnumbered Archive / Intake,INTAKE; CANON PROMOTION REQUIRED,NO PRODUCTION ID — DO NOT ASSIGN,NOT VERIFIED — IMPORTED VALUES,UNVERIFIED; FORMS REQUIRE CONSENT / CANON REVIEW,PLACEHOLDER-LIKELY; HABITAT/ROLE REVIEW,,,247,61.75,32,LOW,,56,65,79,47,0,NO NUMERIC CHANGE PROPOSED
AQUAVEX,,PENDING REVIEW,Zoa,Torrent,50,81,79,52,mid-tier omnivore,Rotting Maw wetlands,Uncommon,ESTIMATED,459,Unnumbered Archive / Intake,INTAKE; CANON PROMOTION REQUIRED,NO PRODUCTION ID — DO NOT ASSIGN,NOT VERIFIED — IMPORTED VALUES,UNVERIFIED; FORMS REQUIRE CONSENT / CANON REVIEW,PLACEHOLDER-LIKELY; HABITAT/ROLE REVIEW,,,262,65.5,31,LOW,,50,81,79,52,0,NO NUMERIC CHANGE PROPOSED
Arborveil,DEX-086,PENDING REVIEW,Zoa,Aura,65,47,82,71,mid-tier omnivore,Great Plains,Uncommon,DEX-CONFIRMED,87,Protected Core 001–125,CORE SLOT; PENDING REVIEW,PROTECTED SLOT PRESENT; IDENTITY APPROVAL NOT INFERRED,NOT VERIFIED — IMPORTED VALUES,UNVERIFIED; FORMS REQUIRE CONSENT / CANON REVIEW,PLACEHOLDER-LIKELY; HABITAT/ROLE REVIEW,,,265,66.25,35,MEDIUM,CORE NAME/FORM PENDING,65,47,82,71,0,NO NUMERIC CHANGE PROPOSED
Ash-Brawler,,PENDING REVIEW,Zoa,Pyre,82,52,78,85,mid-tier omnivore,Boiling Abyss,Uncommon,ESTIMATED,433,Unnumbered Archive / Intake,INTAKE; CANON PROMOTION REQUIRED,NO PRODUCTION ID — DO NOT ASSIGN,NOT VERIFIED — IMPORTED VALUES,UNVERIFIED; FORMS REQUIRE CONSENT / CANON REVIEW,PLACEHOLDER-LIKELY; HABITAT/ROLE REVIEW,,,297,74.25,33,LOW,,82,52,78,85,0,NO NUMERIC CHANGE PROPOSED
Astraea Lumicore,,PENDING REVIEW,Zoa,Aura,52,50,56,70,mid-tier omnivore,Great Plains,Uncommon,ESTIMATED,442,Unnumbered Archive / Intake,INTAKE; CANON PROMOTION REQUIRED,NO PRODUCTION ID — DO NOT ASSIGN,NOT VERIFIED — IMPORTED VALUES,UNVERIFIED; FORMS REQUIRE CONSENT / CANON REVIEW,PLACEHOLDER-LIKELY; HABITAT/ROLE REVIEW,,,228,57.0,20,LOW,,52,50,56,70,0,NO NUMERIC CHANGE PROPOSED
Astravault,,PENDING REVIEW,Zoa,Aura,70,54,61,83,mid-tier omnivore,Great Plains,Uncommon,ESTIMATED,355,Unnumbered Archive / Intake,INTAKE; CANON PROMOTION REQUIRED,NO PRODUCTION ID — DO NOT ASSIGN,NOT VERIFIED — IMPORTED VALUES,UNVERIFIED; FORMS REQUIRE CONSENT / CANON REVIEW,PLACEHOLDER-LIKELY; HABITAT/ROLE REVIEW,,,268,67.0,29,LOW,,70,54,61,83,0,NO NUMERIC CHANGE PROPOSED
AstraVore,,PENDING REVIEW,Zoa,Aura,47,64,48,63,mid-tier omnivore,Great Plains,Uncommon,ESTIMATED,382,Unnumbered Archive / Intake,INTAKE; CANON PROMOTION REQUIRED,NO PRODUCTION ID — DO NOT ASSIGN,NOT VERIFIED — IMPORTED VALUES,UNVERIFIED; FORMS REQUIRE CONSENT / CANON REVIEW,PLACEHOLDER-LIKELY; HABITAT/ROLE REVIEW,,,222,55.5,17,LOW,,47,64,48,63,0,NO NUMERIC CHANGE PROPOSED
Astryx,,PENDING REVIEW,Zoa,Aura,54,50,49,75,mid-tier omnivore,Great Plains,Legendary,ESTIMATED,393,Unnumbered Archive / Intake,INTAKE; CANON PROMOTION REQUIRED,NO PRODUCTION ID — DO NOT ASSIGN,NOT VERIFIED — IMPORTED VALUES,UNVERIFIED; FORMS REQUIRE CONSENT / CANON REVIEW,PLACEHOLDER-LIKELY; HABITAT/ROLE REVIEW,,,228,57.0,26,LOW,,54,50,49,75,0,NO NUMERIC CHANGE PROPOSED
Auraciel,,PENDING REVIEW,Zoa,Aura,57,79,81,46,mid-tier omnivore,Great Plains,Uncommon,ESTIMATED,156,Unnumbered Archive / Intake,INTAKE; CANON PROMOTION REQUIRED,NO PRODUCTION ID — DO NOT ASSIGN,NOT VERIFIED — IMPORTED VALUES,UNVERIFIED; FORMS REQUIRE CONSENT / CANON REVIEW,PLACEHOLDER-LIKELY; HABITAT/ROLE REVIEW,,,263,65.75,35,LOW,,57,79,81,46,0,NO NUMERIC CHANGE PROPOSED
Auraglider,,PENDING REVIEW,Zoa,Aura,65,80,48,66,mid-tier omnivore,Great Plains,Uncommon,ESTIMATED,405,Unnumbered Archive / Intake,INTAKE; CANON PROMOTION REQUIRED,NO PRODUCTION ID — DO NOT ASSIGN,NOT VERIFIED — IMPORTED VALUES,UNVERIFIED; FORMS REQUIRE CONSENT / CANON REVIEW,PLACEHOLDER-LIKELY; HABITAT/ROLE REVIEW,,,259,64.75,32,LOW,,65,80,48,66,0,NO NUMERIC CHANGE PROPOSED
Auralyss,,PENDING REVIEW,Zoa,Aura,71,58,60,61,mid-tier omnivore,Great Plains,Uncommon,ESTIMATED,350,Unnumbered Archive / Intake,INTAKE; CANON PROMOTION REQUIRED,NO PRODUCTION ID — DO NOT ASSIGN,NOT VERIFIED — IMPORTED VALUES,UNVERIFIED; FORMS REQUIRE CONSENT / CANON REVIEW,PLACEHOLDER-LIKELY; HABITAT/ROLE REVIEW,,,250,62.5,13,LOW,,71,58,60,61,0,NO NUMERIC CHANGE PROPOSED
Aurelior Prime,,PENDING REVIEW,Zoa,Glaze,66,73,58,83,mid-tier omnivore,Steel Frost valleys,Uncommon,ESTIMATED,372,Unnumbered Archive / Intake,INTAKE; CANON PROMOTION REQUIRED,NO PRODUCTION ID — DO NOT ASSIGN,NOT VERIFIED — IMPORTED VALUES,UNVERIFIED; FORMS REQUIRE CONSENT / CANON REVIEW,PLACEHOLDER-LIKELY; HABITAT/ROLE REVIEW,,,280,70.0,25,LOW,,66,73,58,83,0,NO NUMERIC CHANGE PROPOSED
Aurelius-Prime,,PENDING REVIEW,Zoa,Glaze,53,51,80,79,mid-tier omnivore,Steel Frost valleys,Uncommon,ESTIMATED,506,Unnumbered Archive / Intake,INTAKE; CANON PROMOTION REQUIRED,NO PRODUCTION ID — DO NOT ASSIGN,NOT VERIFIED — IMPORTED VALUES,UNVERIFIED; FORMS REQUIRE CONSENT / CANON REVIEW,PLACEHOLDER-LIKELY; HABITAT/ROLE REVIEW,,,263,65.75,29,LOW,,53,51,80,79,0,NO NUMERIC CHANGE PROPOSED
Aurion-Prime,,PENDING REVIEW,Zoa,Glaze,46,85,82,76,mid-tier omnivore,Steel Frost valleys,Uncommon,ESTIMATED,521,Unnumbered Archive / Intake,INTAKE; CANON PROMOTION REQUIRED,NO PRODUCTION ID — DO NOT ASSIGN,NOT VERIFIED — IMPORTED VALUES,UNVERIFIED; FORMS REQUIRE CONSENT / CANON REVIEW,PLACEHOLDER-LIKELY; HABITAT/ROLE REVIEW,,,289,72.25,39,LOW,,46,85,82,76,0,NO NUMERIC CHANGE PROPOSED
Aurorarch,DEX-074,PENDING REVIEW,Zoa,Aura,65,74,64,85,mid-tier omnivore,Great Plains,Uncommon,DEX-CONFIRMED,75,Protected Core 001–125,CORE SLOT; PENDING REVIEW,PROTECTED SLOT PRESENT; IDENTITY APPROVAL NOT INFERRED,NOT VERIFIED — IMPORTED VALUES,UNVERIFIED; FORMS REQUIRE CONSENT / CANON REVIEW,PLACEHOLDER-LIKELY; HABITAT/ROLE REVIEW,,,288,72.0,21,MEDIUM,CORE NAME/FORM PENDING,65,74,64,85,0,NO NUMERIC CHANGE PROPOSED
Aurorynx,,PENDING REVIEW,Zoa,Aura,46,50,79,73,mid-tier omnivore,Great Plains,Uncommon,ESTIMATED,472,Unnumbered Archive / Intake,INTAKE; CANON PROMOTION REQUIRED,NO PRODUCTION ID — DO NOT ASSIGN,NOT VERIFIED — IMPORTED VALUES,UNVERIFIED; FORMS REQUIRE CONSENT / CANON REVIEW,PLACEHOLDER-LIKELY; HABITAT/ROLE REVIEW,,,248,62.0,33,LOW,,46,50,79,73,0,NO NUMERIC CHANGE PROPOSED
AZURA,,PENDING REVIEW,Zoa,Aura,49,66,70,69,mid-tier omnivore,Great Plains,Uncommon,ESTIMATED,418,Unnumbered Archive / Intake,INTAKE; CANON PROMOTION REQUIRED,NO PRODUCTION ID — DO NOT ASSIGN,NOT VERIFIED — IMPORTED VALUES,UNVERIFIED; FORMS REQUIRE CONSENT / CANON REVIEW,PLACEHOLDER-LIKELY; HABITAT/ROLE REVIEW,,,254,63.5,21,LOW,,49,66,70,69,0,NO NUMERIC CHANGE PROPOSED
Azurane,,PENDING REVIEW,Zoa,Aura,52,66,73,56,mid-tier omnivore,Great Plains,Uncommon,ESTIMATED,428,Unnumbered Archive / Intake,INTAKE; CANON PROMOTION REQUIRED,NO PRODUCTION ID — DO NOT ASSIGN,NOT VERIFIED — IMPORTED VALUES,UNVERIFIED; FORMS REQUIRE CONSENT / CANON REVIEW,PLACEHOLDER-LIKELY; HABITAT/ROLE REVIEW,,,247,61.75,21,LOW,,52,66,73,56,0,NO NUMERIC CHANGE PROPOSED
Azurbuzz,DEX-044,PERMANENT DEX,Zoa,Flora,60,64,83,61,canopy pollinator,Great Plains,Rare,DEX-CONFIRMED,45,Protected Core 001–125,CORE SLOT; EXISTING PERMANENT LABEL,PROTECTED SLOT PRESENT; IDENTITY APPROVAL NOT INFERRED,NOT VERIFIED — IMPORTED VALUES,UNVERIFIED; FORMS REQUIRE CONSENT / CANON REVIEW,PLACEHOLDER-LIKELY; HABITAT/ROLE REVIEW,,,268,67.0,23,LOW,,60,64,83,61,0,NO NUMERIC CHANGE PROPOSED
Azure Soul,,PENDING REVIEW,Zoa,Aura,84,62,77,63,mid-tier omnivore,Great Plains,Uncommon,ESTIMATED,437,Unnumbered Archive / Intake,INTAKE; CANON PROMOTION REQUIRED,NO PRODUCTION ID — DO NOT ASSIGN,NOT VERIFIED — IMPORTED VALUES,UNVERIFIED; FORMS REQUIRE CONSENT / CANON REVIEW,PLACEHOLDER-LIKELY; HABITAT/ROLE REVIEW,,,286,71.5,22,LOW,,84,62,77,63,0,NO NUMERIC CHANGE PROPOSED
BallDrop,,PENDING REVIEW,Zoa,Aura,49,64,69,53,mid-tier omnivore,Great Plains,Uncommon,ESTIMATED,239,Unnumbered Archive / Intake,INTAKE; CANON PROMOTION REQUIRED,NO PRODUCTION ID — DO NOT ASSIGN,NOT VERIFIED — IMPORTED VALUES,UNVERIFIED; FORMS REQUIRE CONSENT / CANON REVIEW,PLACEHOLDER-LIKELY; HABITAT/ROLE REVIEW,,,235,58.75,20,LOW,,49,64,69,53,0,NO NUMERIC CHANGE PROPOSED
Basalith Warden,,PENDING REVIEW,Zoa,Aura,49,55,83,53,territorial guardian,Great Plains,Legendary,ESTIMATED,499,Unnumbered Archive / Intake,INTAKE; CANON PROMOTION REQUIRED,NO PRODUCTION ID — DO NOT ASSIGN,NOT VERIFIED — IMPORTED VALUES,UNVERIFIED; FORMS REQUIRE CONSENT / CANON REVIEW,PLACEHOLDER-LIKELY; HABITAT/ROLE REVIEW,,,240,60.0,34,LOW,,49,55,83,53,0,NO NUMERIC CHANGE PROPOSED
Basalt-Crusher,,PENDING REVIEW,Zoa,Terra,68,95,69,45,mid-tier omnivore,Great Plains,Uncommon,ESTIMATED,368,Unnumbered Archive / Intake,INTAKE; CANON PROMOTION REQUIRED,NO PRODUCTION ID — DO NOT ASSIGN,NOT VERIFIED — IMPORTED VALUES,UNVERIFIED; FORMS REQUIRE CONSENT / CANON REVIEW,PLACEHOLDER-LIKELY; HABITAT/ROLE REVIEW,,,277,69.25,50,MEDIUM,STAT SPREAD >=50: ROLE REVIEW,68,95,69,45,0,NO NUMERIC CHANGE PROPOSED
Basalt-Maw,,PENDING REVIEW,Zoa,Terra,70,77,49,55,apex predator,Great Plains,Uncommon,ESTIMATED,452,Unnumbered Archive / Intake,INTAKE; CANON PROMOTION REQUIRED,NO PRODUCTION ID — DO NOT ASSIGN,NOT VERIFIED — IMPORTED VALUES,UNVERIFIED; FORMS REQUIRE CONSENT / CANON REVIEW,PLACEHOLDER-LIKELY; HABITAT/ROLE REVIEW,,,251,62.75,28,LOW,,70,77,49,55,0,NO NUMERIC CHANGE PROPOSED
Basilisk,,PENDING REVIEW,Zoa,Aura,67,100,77,60,mid-tier omnivore,Great Plains,Uncommon,ESTIMATED,490,Unnumbered Archive / Intake,INTAKE; CANON PROMOTION REQUIRED,NO PRODUCTION ID — DO NOT ASSIGN,NOT VERIFIED — IMPORTED VALUES,UNVERIFIED; FORMS REQUIRE CONSENT / CANON REVIEW,PLACEHOLDER-LIKELY; HABITAT/ROLE REVIEW,,,304,76.0,40,MEDIUM,HIGH STAT >=96: INTENT REVIEW,67,95,77,60,-5,DRAFT CAP SUGGESTION; NOT APPROVED
Bastodon,,PENDING REVIEW,Zoa,Aura,50,79,72,81,mid-tier omnivore,Great Plains,Uncommon,ESTIMATED,451,Unnumbered Archive / Intake,INTAKE; CANON PROMOTION REQUIRED,NO PRODUCTION ID — DO NOT ASSIGN,NOT VERIFIED — IMPORTED VALUES,UNVERIFIED; FORMS REQUIRE CONSENT / CANON REVIEW,PLACEHOLDER-LIKELY; HABITAT/ROLE REVIEW,,,282,70.5,31,LOW,,50,79,72,81,0,NO NUMERIC CHANGE PROPOSED
Bat-Ekimma,,PENDING REVIEW,Zoa,Aura,73,53,59,48,mid-tier omnivore,Great Plains,Uncommon,ESTIMATED,127,Unnumbered Archive / Intake,INTAKE; CANON PROMOTION REQUIRED,NO PRODUCTION ID — DO NOT ASSIGN,NOT VERIFIED — IMPORTED VALUES,UNVERIFIED; FORMS REQUIRE CONSENT / CANON REVIEW,PLACEHOLDER-LIKELY; HABITAT/ROLE REVIEW,,,233,58.25,25,LOW,,73,53,59,48,0,NO NUMERIC CHANGE PROPOSED
Behemoth,,PENDING REVIEW,Zoa,Aura,70,100,78,67,canopy pollinator,Great Plains,Alpha,ESTIMATED,488,Unnumbered Archive / Intake,INTAKE; CANON PROMOTION REQUIRED,NO PRODUCTION ID — DO NOT ASSIGN,NOT VERIFIED — IMPORTED VALUES,UNVERIFIED; FORMS REQUIRE CONSENT / CANON REVIEW,PLACEHOLDER-LIKELY; HABITAT/ROLE REVIEW,,,315,78.75,33,MEDIUM,HIGH STAT >=96: INTENT REVIEW,70,100,78,67,0,NO NUMERIC CHANGE PROPOSED
Bellhorn,,PENDING REVIEW,Zoa,Terra,57,92,67,48,mid-tier omnivore,Great Plains,Uncommon,ESTIMATED,224,Unnumbered Archive / Intake,INTAKE; CANON PROMOTION REQUIRED,NO PRODUCTION ID — DO NOT ASSIGN,NOT VERIFIED — IMPORTED VALUES,UNVERIFIED; FORMS REQUIRE CONSENT / CANON REVIEW,PLACEHOLDER-LIKELY; HABITAT/ROLE REVIEW,,,264,66.0,44,LOW,,57,92,67,48,0,NO NUMERIC CHANGE PROPOSED
Billstalk,DEX-058,PENDING REVIEW,Flora,Aura,77,63,76,85,primary producer / habitat anchor,Great Plains,Uncommon,DEX-CONFIRMED,59,Protected Core 001–125,CORE SLOT; PENDING REVIEW,PROTECTED SLOT PRESENT; IDENTITY APPROVAL NOT INFERRED,NOT VERIFIED — IMPORTED VALUES,UNVERIFIED; FORMS REQUIRE CONSENT / CANON REVIEW,PLACEHOLDER-LIKELY; HABITAT/ROLE REVIEW,,,301,75.25,22,MEDIUM,CORE NAME/FORM PENDING,77,63,76,85,0,NO NUMERIC CHANGE PROPOSED
Black Swan,,PENDING REVIEW,Zoa,Aura,60,56,48,61,mid-tier omnivore,Great Plains,Uncommon,ESTIMATED,336,Unnumbered Archive / Intake,INTAKE; CANON PROMOTION REQUIRED,NO PRODUCTION ID — DO NOT ASSIGN,NOT VERIFIED — IMPORTED VALUES,UNVERIFIED; FORMS REQUIRE CONSENT / CANON REVIEW,PLACEHOLDER-LIKELY; HABITAT/ROLE REVIEW,,,225,56.25,13,LOW,,60,56,48,61,0,NO NUMERIC CHANGE PROPOSED
Blackpulse,,PENDING REVIEW,Zoa,Aura,66,78,54,66,mid-tier omnivore,Great Plains,Uncommon,ESTIMATED,190,Unnumbered Archive / Intake,INTAKE; CANON PROMOTION REQUIRED,NO PRODUCTION ID — DO NOT ASSIGN,NOT VERIFIED — IMPORTED VALUES,UNVERIFIED; FORMS REQUIRE CONSENT / CANON REVIEW,PLACEHOLDER-LIKELY; HABITAT/ROLE REVIEW,,,264,66.0,24,LOW,,66,78,54,66,0,NO NUMERIC CHANGE PROPOSED
Blazewarden Divine,,PENDING REVIEW,Flora,Pyre,74,60,100,72,territorial guardian,Boiling Abyss,Uncommon,ESTIMATED,375,Unnumbered Archive / Intake,INTAKE; CANON PROMOTION REQUIRED,NO PRODUCTION ID — DO NOT ASSIGN,NOT VERIFIED — IMPORTED VALUES,UNVERIFIED; FORMS REQUIRE CONSENT / CANON REVIEW,NOT VERIFIED — SOURCE SPECIFIC,,,306,76.5,40,MEDIUM,HIGH STAT >=96: INTENT REVIEW,74,60,95,72,-5,DRAFT CAP SUGGESTION; NOT APPROVED
Blightfang Vezreth,,PENDING REVIEW,Zoa,Aura,56,54,52,20,apex predator,Great Plains,Uncommon,ESTIMATED,441,Unnumbered Archive / Intake,INTAKE; CANON PROMOTION REQUIRED,NO PRODUCTION ID — DO NOT ASSIGN,NOT VERIFIED — IMPORTED VALUES,UNVERIFIED; FORMS REQUIRE CONSENT / CANON REVIEW,PLACEHOLDER-LIKELY; HABITAT/ROLE REVIEW,,,182,45.5,36,MEDIUM,LOW PURITY <=25: STATE REVIEW,56,54,52,20,0,NO NUMERIC CHANGE PROPOSED
Bloodmoon Howler,,PENDING REVIEW,Zoa,Aura,48,69,56,77,mid-tier omnivore,Great Plains,Uncommon,ESTIMATED,146,Unnumbered Archive / Intake,INTAKE; CANON PROMOTION REQUIRED,NO PRODUCTION ID — DO NOT ASSIGN,NOT VERIFIED — IMPORTED VALUES,UNVERIFIED; FORMS REQUIRE CONSENT / CANON REVIEW,PLACEHOLDER-LIKELY; HABITAT/ROLE REVIEW,,,250,62.5,29,LOW,,48,69,56,77,0,NO NUMERIC CHANGE PROPOSED
Bloombud,DEX-043,PERMANENT DEX,Flora,Flora,87,64,80,50,canopy pollinator,Great Plains,Rare,DEX-CONFIRMED,44,Protected Core 001–125,CORE SLOT; EXISTING PERMANENT LABEL,PROTECTED SLOT PRESENT; IDENTITY APPROVAL NOT INFERRED,NOT VERIFIED — IMPORTED VALUES,UNVERIFIED; FORMS REQUIRE CONSENT / CANON REVIEW,PLACEHOLDER-LIKELY; HABITAT/ROLE REVIEW,,,281,70.25,37,LOW,,87,64,80,50,0,NO NUMERIC CHANGE PROPOSED
Bloomtail,,PENDING REVIEW,Flora,Flora,73,59,89,50,canopy pollinator,Great Plains,Uncommon,ESTIMATED,259,Unnumbered Archive / Intake,INTAKE; CANON PROMOTION REQUIRED,NO PRODUCTION ID — DO NOT ASSIGN,NOT VERIFIED — IMPORTED VALUES,UNVERIFIED; FORMS REQUIRE CONSENT / CANON REVIEW,PLACEHOLDER-LIKELY; HABITAT/ROLE REVIEW,,,271,67.75,39,LOW,,73,59,89,50,0,NO NUMERIC CHANGE PROPOSED
Bondbloom,,PENDING REVIEW,Flora,Flora,86,52,100,56,canopy pollinator,Great Plains,Uncommon,ESTIMATED,249,Unnumbered Archive / Intake,INTAKE; CANON PROMOTION REQUIRED,NO PRODUCTION ID — DO NOT ASSIGN,NOT VERIFIED — IMPORTED VALUES,UNVERIFIED; FORMS REQUIRE CONSENT / CANON REVIEW,PLACEHOLDER-LIKELY; HABITAT/ROLE REVIEW,,,294,73.5,48,MEDIUM,HIGH STAT >=96: INTENT REVIEW,86,52,95,56,-5,DRAFT CAP SUGGESTION; NOT APPROVED
Bot,,PENDING REVIEW,Zoa,Aura,56,85,74,78,mid-tier omnivore,Great Plains,Uncommon,ESTIMATED,317,Unnumbered Archive / Intake,INTAKE; CANON PROMOTION REQUIRED,NO PRODUCTION ID — DO NOT ASSIGN,NOT VERIFIED — IMPORTED VALUES,UNVERIFIED; FORMS REQUIRE CONSENT / CANON REVIEW,PLACEHOLDER-LIKELY; HABITAT/ROLE REVIEW,,,293,73.25,29,LOW,,56,85,74,78,0,NO NUMERIC CHANGE PROPOSED
Botan-Bug,,PENDING REVIEW,Flora,Flora,78,68,80,52,primary producer / habitat anchor,Great Plains,Uncommon,ESTIMATED,364,Unnumbered Archive / Intake,INTAKE; CANON PROMOTION REQUIRED,NO PRODUCTION ID — DO NOT ASSIGN,NOT VERIFIED — IMPORTED VALUES,UNVERIFIED; FORMS REQUIRE CONSENT / CANON REVIEW,PLACEHOLDER-LIKELY; HABITAT/ROLE REVIEW,,,278,69.5,28,LOW,,78,68,80,52,0,NO NUMERIC CHANGE PROPOSED
Botanibug,,PENDING REVIEW,Flora,Flora,56,77,62,71,primary producer / habitat anchor,Great Plains,Uncommon,ESTIMATED,530,Unnumbered Archive / Intake,INTAKE; CANON PROMOTION REQUIRED,NO PRODUCTION ID — DO NOT ASSIGN,NOT VERIFIED — IMPORTED VALUES,UNVERIFIED; FORMS REQUIRE CONSENT / CANON REVIEW,PLACEHOLDER-LIKELY; HABITAT/ROLE REVIEW,,,266,66.5,21,LOW,,56,77,62,71,0,NO NUMERIC CHANGE PROPOSED
Brambletusk,,PENDING REVIEW,Flora,Terra,50,93,61,79,primary producer / habitat anchor,Great Plains,Uncommon,ESTIMATED,478,Unnumbered Archive / Intake,INTAKE; CANON PROMOTION REQUIRED,NO PRODUCTION ID — DO NOT ASSIGN,NOT VERIFIED — IMPORTED VALUES,UNVERIFIED; FORMS REQUIRE CONSENT / CANON REVIEW,PLACEHOLDER-LIKELY; HABITAT/ROLE REVIEW,,,283,70.75,43,LOW,,50,93,61,79,0,NO NUMERIC CHANGE PROPOSED
Briarshade,,PENDING REVIEW,Flora,Shade,77,82,75,46,primary producer / habitat anchor,Great Plains,Uncommon,ESTIMATED,410,Unnumbered Archive / Intake,INTAKE; CANON PROMOTION REQUIRED,NO PRODUCTION ID — DO NOT ASSIGN,NOT VERIFIED — IMPORTED VALUES,UNVERIFIED; FORMS REQUIRE CONSENT / CANON REVIEW,PLACEHOLDER-LIKELY; HABITAT/ROLE REVIEW,,,280,70.0,36,LOW,,77,82,75,46,0,NO NUMERIC CHANGE PROPOSED
Brightstart,,PENDING REVIEW,Zoa,Aura,57,72,60,82,mid-tier omnivore,Great Plains,Uncommon,ESTIMATED,240,Unnumbered Archive / Intake,INTAKE; CANON PROMOTION REQUIRED,NO PRODUCTION ID — DO NOT ASSIGN,NOT VERIFIED — IMPORTED VALUES,UNVERIFIED; FORMS REQUIRE CONSENT / CANON REVIEW,PLACEHOLDER-LIKELY; HABITAT/ROLE REVIEW,,,271,67.75,25,LOW,,57,72,60,82,0,NO NUMERIC CHANGE PROPOSED
Brightwarden,,PENDING REVIEW,Zoa,Aura,78,81,92,54,territorial guardian,Great Plains,Uncommon,ESTIMATED,157,Unnumbered Archive / Intake,INTAKE; CANON PROMOTION REQUIRED,NO PRODUCTION ID — DO NOT ASSIGN,NOT VERIFIED — IMPORTED VALUES,UNVERIFIED; FORMS REQUIRE CONSENT / CANON REVIEW,PLACEHOLDER-LIKELY; HABITAT/ROLE REVIEW,,,305,76.25,38,LOW,,78,81,92,54,0,NO NUMERIC CHANGE PROPOSED
Bromebruin,DEX-076,PENDING REVIEW,Zoa,Aura,63,71,84,49,mid-tier omnivore,Arkam ruins,Uncommon,DEX-CONFIRMED,77,Protected Core 001–125,CORE SLOT; PENDING REVIEW,PROTECTED SLOT PRESENT; IDENTITY APPROVAL NOT INFERRED,NOT VERIFIED — IMPORTED VALUES,UNVERIFIED; FORMS REQUIRE CONSENT / CANON REVIEW,PLACEHOLDER-LIKELY; HABITAT/ROLE REVIEW,,,267,66.75,35,MEDIUM,CORE NAME/FORM PENDING,63,71,84,49,0,NO NUMERIC CHANGE PROPOSED
Bubba,DEX-100,PENDING REVIEW,Zoa,Aura,78,45,57,50,mid-tier omnivore,Great Plains,Uncommon,DEX-CONFIRMED,101,Protected Core 001–125,CORE SLOT; PENDING REVIEW,PROTECTED SLOT PRESENT; IDENTITY APPROVAL NOT INFERRED,NOT VERIFIED — IMPORTED VALUES,UNVERIFIED; FORMS REQUIRE CONSENT / CANON REVIEW,PLACEHOLDER-LIKELY; HABITAT/ROLE REVIEW,,,230,57.5,33,MEDIUM,CORE NAME/FORM PENDING,78,45,57,50,0,NO NUMERIC CHANGE PROPOSED
Bubblite,,PENDING REVIEW,Zoa,Aura,72,85,60,74,mid-tier omnivore,Great Plains,Uncommon,ESTIMATED,388,Unnumbered Archive / Intake,INTAKE; CANON PROMOTION REQUIRED,NO PRODUCTION ID — DO NOT ASSIGN,NOT VERIFIED — IMPORTED VALUES,UNVERIFIED; FORMS REQUIRE CONSENT / CANON REVIEW,PLACEHOLDER-LIKELY; HABITAT/ROLE REVIEW,,,291,72.75,25,LOW,,72,85,60,74,0,NO NUMERIC CHANGE PROPOSED
Budhopper,,PENDING REVIEW,Zoa,Aura,68,56,50,52,mid-tier omnivore,Great Plains,Uncommon,ESTIMATED,260,Unnumbered Archive / Intake,INTAKE; CANON PROMOTION REQUIRED,NO PRODUCTION ID — DO NOT ASSIGN,NOT VERIFIED — IMPORTED VALUES,UNVERIFIED; FORMS REQUIRE CONSENT / CANON REVIEW,PLACEHOLDER-LIKELY; HABITAT/ROLE REVIEW,,,226,56.5,18,LOW,,68,56,50,52,0,NO NUMERIC CHANGE PROPOSED
Buttafly,,PENDING REVIEW,Zoa,Aura,49,78,75,75,canopy pollinator,Great Plains,Uncommon,ESTIMATED,504,Unnumbered Archive / Intake,INTAKE; CANON PROMOTION REQUIRED,NO PRODUCTION ID — DO NOT ASSIGN,NOT VERIFIED — IMPORTED VALUES,UNVERIFIED; FORMS REQUIRE CONSENT / CANON REVIEW,PLACEHOLDER-LIKELY; HABITAT/ROLE REVIEW,,,277,69.25,29,LOW,,49,78,75,75,0,NO NUMERIC CHANGE PROPOSED
Buzzydo,,PENDING REVIEW,Zoa,Aura,75,56,46,46,canopy pollinator,Great Plains,Uncommon,ESTIMATED,384,Unnumbered Archive / Intake,INTAKE; CANON PROMOTION REQUIRED,NO PRODUCTION ID — DO NOT ASSIGN,NOT VERIFIED — IMPORTED VALUES,UNVERIFIED; FORMS REQUIRE CONSENT / CANON REVIEW,PLACEHOLDER-LIKELY; HABITAT/ROLE REVIEW,,,223,55.75,29,LOW,,75,56,46,46,0,NO NUMERIC CHANGE PROPOSED
Cadensora,DEX-079,PENDING REVIEW,Zoa,Aura,51,73,80,75,mid-tier omnivore,Great Plains,Uncommon,DEX-CONFIRMED,80,Protected Core 001–125,CORE SLOT; PENDING REVIEW,PROTECTED SLOT PRESENT; IDENTITY APPROVAL NOT INFERRED,NOT VERIFIED — IMPORTED VALUES,UNVERIFIED; FORMS REQUIRE CONSENT / CANON REVIEW,PLACEHOLDER-LIKELY; HABITAT/ROLE REVIEW,,,279,69.75,29,MEDIUM,CORE NAME/FORM PENDING,51,73,80,75,0,NO NUMERIC CHANGE PROPOSED
Candlemaw,,PENDING REVIEW,Zoa,Aura,69,61,61,48,apex predator,Great Plains,Uncommon,ESTIMATED,147,Unnumbered Archive / Intake,INTAKE; CANON PROMOTION REQUIRED,NO PRODUCTION ID — DO NOT ASSIGN,NOT VERIFIED — IMPORTED VALUES,UNVERIFIED; FORMS REQUIRE CONSENT / CANON REVIEW,PLACEHOLDER-LIKELY; HABITAT/ROLE REVIEW,,,239,59.75,21,LOW,,69,61,61,48,0,NO NUMERIC CHANGE PROPOSED
Candyfrost,,PENDING REVIEW,Zoa,Glaze,69,59,55,68,mid-tier omnivore,Steel Frost valleys,Uncommon,ESTIMATED,225,Unnumbered Archive / Intake,INTAKE; CANON PROMOTION REQUIRED,NO PRODUCTION ID — DO NOT ASSIGN,NOT VERIFIED — IMPORTED VALUES,UNVERIFIED; FORMS REQUIRE CONSENT / CANON REVIEW,PLACEHOLDER-LIKELY; HABITAT/ROLE REVIEW,,,251,62.75,14,LOW,,69,59,55,68,0,NO NUMERIC CHANGE PROPOSED
Canopulse,DEX-108,PERMANENT DEX,Zoa,Aura,80,70,53,83,mid-tier omnivore,Great Plains,Rare,DEX-CONFIRMED,109,Protected Core 001–125,CORE SLOT; EXISTING PERMANENT LABEL,PROTECTED SLOT PRESENT; IDENTITY APPROVAL NOT INFERRED,NOT VERIFIED — IMPORTED VALUES,UNVERIFIED; FORMS REQUIRE CONSENT / CANON REVIEW,PLACEHOLDER-LIKELY; HABITAT/ROLE REVIEW,,,286,71.5,30,LOW,,80,70,53,83,0,NO NUMERIC CHANGE PROPOSED
Canopyreign,,PENDING REVIEW,Flora,Flora,65,52,77,83,primary producer / habitat anchor,Echohearts Sanctuary wilds,Uncommon,ESTIMATED,524,Unnumbered Archive / Intake,INTAKE; CANON PROMOTION REQUIRED,NO PRODUCTION ID — DO NOT ASSIGN,NOT VERIFIED — IMPORTED VALUES,UNVERIFIED; FORMS REQUIRE CONSENT / CANON REVIEW,NOT VERIFIED — SOURCE SPECIFIC,,,277,69.25,31,LOW,,65,52,77,83,0,NO NUMERIC CHANGE PROPOSED
Canopyrex,,PENDING REVIEW,Flora,Flora,50,63,95,53,apex predator,Echohearts Sanctuary wilds,Uncommon,ESTIMATED,366,Unnumbered Archive / Intake,INTAKE; CANON PROMOTION REQUIRED,NO PRODUCTION ID — DO NOT ASSIGN,NOT VERIFIED — IMPORTED VALUES,UNVERIFIED; FORMS REQUIRE CONSENT / CANON REVIEW,NOT VERIFIED — SOURCE SPECIFIC,,,261,65.25,45,LOW,,50,63,95,53,0,NO NUMERIC CHANGE PROPOSED
Canopyvault,DEX-077,PENDING REVIEW,Flora,Flora,53,68,70,52,primary producer / habitat anchor,Echohearts Sanctuary wilds,Uncommon,DEX-CONFIRMED,78,Protected Core 001–125,CORE SLOT; PENDING REVIEW,PROTECTED SLOT PRESENT; IDENTITY APPROVAL NOT INFERRED,NOT VERIFIED — IMPORTED VALUES,UNVERIFIED; FORMS REQUIRE CONSENT / CANON REVIEW,NOT VERIFIED — SOURCE SPECIFIC,,,243,60.75,18,MEDIUM,CORE NAME/FORM PENDING,53,68,70,52,0,NO NUMERIC CHANGE PROPOSED
Carrion-Crone,,PENDING REVIEW,Zoa,Aura,63,59,69,61,carrion cleaner,Great Plains,Uncommon,ESTIMATED,128,Unnumbered Archive / Intake,INTAKE; CANON PROMOTION REQUIRED,NO PRODUCTION ID — DO NOT ASSIGN,NOT VERIFIED — IMPORTED VALUES,UNVERIFIED; FORMS REQUIRE CONSENT / CANON REVIEW,PLACEHOLDER-LIKELY; HABITAT/ROLE REVIEW,,,252,63.0,10,LOW,,63,59,69,61,0,NO NUMERIC CHANGE PROPOSED
Celestara,,PENDING REVIEW,Zoa,Aura,78,78,52,95,mid-tier omnivore,Great Plains,Uncommon,ESTIMATED,158,Unnumbered Archive / Intake,INTAKE; CANON PROMOTION REQUIRED,NO PRODUCTION ID — DO NOT ASSIGN,NOT VERIFIED — IMPORTED VALUES,UNVERIFIED; FORMS REQUIRE CONSENT / CANON REVIEW,PLACEHOLDER-LIKELY; HABITAT/ROLE REVIEW,,,303,75.75,43,LOW,,78,78,52,95,0,NO NUMERIC CHANGE PROPOSED
Chaos Woof,,MERGE-DUPLICATE,Zoa,Aura,66,48,55,59,mid-tier omnivore,Great Plains,Uncommon,ESTIMATED,553,Unnumbered Archive / Intake,ARCHIVE; DO NOT SHIP,NO PRODUCTION ID — DO NOT ASSIGN,NOT VERIFIED — IMPORTED VALUES,UNVERIFIED; FORMS REQUIRE CONSENT / CANON REVIEW,PLACEHOLDER-LIKELY; HABITAT/ROLE REVIEW,,,228,57.0,18,HIGH,ARCHIVAL MERGE TARGET REVIEW,66,48,55,59,0,NO NUMERIC CHANGE PROPOSED
Cherish,,PENDING REVIEW,Zoa,Aura,50,69,55,50,mid-tier omnivore,Great Plains,Uncommon,ESTIMATED,250,Unnumbered Archive / Intake,INTAKE; CANON PROMOTION REQUIRED,NO PRODUCTION ID — DO NOT ASSIGN,NOT VERIFIED — IMPORTED VALUES,UNVERIFIED; FORMS REQUIRE CONSENT / CANON REVIEW,PLACEHOLDER-LIKELY; HABITAT/ROLE REVIEW,,,224,56.0,19,LOW,,50,69,55,50,0,NO NUMERIC CHANGE PROPOSED
Chimeran,,PENDING REVIEW,Zoa,Aura,58,84,59,58,mid-tier omnivore,Great Plains,Uncommon,ESTIMATED,487,Unnumbered Archive / Intake,INTAKE; CANON PROMOTION REQUIRED,NO PRODUCTION ID — DO NOT ASSIGN,NOT VERIFIED — IMPORTED VALUES,UNVERIFIED; FORMS REQUIRE CONSENT / CANON REVIEW,PLACEHOLDER-LIKELY; HABITAT/ROLE REVIEW,,,259,64.75,26,LOW,,58,84,59,58,0,NO NUMERIC CHANGE PROPOSED
Chitin-Queen,,PENDING REVIEW,Zoa,Aura,71,52,66,74,mid-tier omnivore,Great Plains,Uncommon,ESTIMATED,129,Unnumbered Archive / Intake,INTAKE; CANON PROMOTION REQUIRED,NO PRODUCTION ID — DO NOT ASSIGN,NOT VERIFIED — IMPORTED VALUES,UNVERIFIED; FORMS REQUIRE CONSENT / CANON REVIEW,PLACEHOLDER-LIKELY; HABITAT/ROLE REVIEW,,,263,65.75,22,LOW,,71,52,66,74,0,NO NUMERIC CHANGE PROPOSED
Chrono-Hound,,PENDING REVIEW,Zoa,Aura,64,48,83,85,mid-tier omnivore,Great Plains,Uncommon,ESTIMATED,454,Unnumbered Archive / Intake,INTAKE; CANON PROMOTION REQUIRED,NO PRODUCTION ID — DO NOT ASSIGN,NOT VERIFIED — IMPORTED VALUES,UNVERIFIED; FORMS REQUIRE CONSENT / CANON REVIEW,PLACEHOLDER-LIKELY; HABITAT/ROLE REVIEW,,,280,70.0,37,LOW,,64,48,83,85,0,NO NUMERIC CHANGE PROPOSED
Chronos-Titan,,PENDING REVIEW,Zoa,Aura,73,88,59,59,apex predator,Great Plains,Alpha,ESTIMATED,520,Unnumbered Archive / Intake,INTAKE; CANON PROMOTION REQUIRED,NO PRODUCTION ID — DO NOT ASSIGN,NOT VERIFIED — IMPORTED VALUES,UNVERIFIED; FORMS REQUIRE CONSENT / CANON REVIEW,PLACEHOLDER-LIKELY; HABITAT/ROLE REVIEW,,,279,69.75,29,LOW,,73,88,59,59,0,NO NUMERIC CHANGE PROPOSED
Cinderclaw,,PENDING REVIEW,Zoa,Pyre,78,45,64,51,apex predator,Cinderfall,Uncommon,ESTIMATED,439,Unnumbered Archive / Intake,INTAKE; CANON PROMOTION REQUIRED,NO PRODUCTION ID — DO NOT ASSIGN,NOT VERIFIED — IMPORTED VALUES,UNVERIFIED; FORMS REQUIRE CONSENT / CANON REVIEW,NOT VERIFIED — SOURCE SPECIFIC,,,238,59.5,33,LOW,,78,45,64,51,0,NO NUMERIC CHANGE PROPOSED
Cinderplate Defender,,PENDING REVIEW,Zoa,Pyre,64,79,84,79,mid-tier omnivore,Cinderfall,Uncommon,ESTIMATED,380,Unnumbered Archive / Intake,INTAKE; CANON PROMOTION REQUIRED,NO PRODUCTION ID — DO NOT ASSIGN,NOT VERIFIED — IMPORTED VALUES,UNVERIFIED; FORMS REQUIRE CONSENT / CANON REVIEW,PLACEHOLDER-LIKELY; HABITAT/ROLE REVIEW,,,306,76.5,20,LOW,,64,79,84,79,0,NO NUMERIC CHANGE PROPOSED
Cindervault,,PENDING REVIEW,Zoa,Pyre,83,49,84,62,mid-tier omnivore,Cinderfall,Uncommon,ESTIMATED,349,Unnumbered Archive / Intake,INTAKE; CANON PROMOTION REQUIRED,NO PRODUCTION ID — DO NOT ASSIGN,NOT VERIFIED — IMPORTED VALUES,UNVERIFIED; FORMS REQUIRE CONSENT / CANON REVIEW,PLACEHOLDER-LIKELY; HABITAT/ROLE REVIEW,,,278,69.5,35,LOW,,83,49,84,62,0,NO NUMERIC CHANGE PROPOSED
Cindralisk,,PENDING REVIEW,Zoa,Aura,79,48,78,74,mid-tier omnivore,Great Plains,Uncommon,ESTIMATED,474,Unnumbered Archive / Intake,INTAKE; CANON PROMOTION REQUIRED,NO PRODUCTION ID — DO NOT ASSIGN,NOT VERIFIED — IMPORTED VALUES,UNVERIFIED; FORMS REQUIRE CONSENT / CANON REVIEW,PLACEHOLDER-LIKELY; HABITAT/ROLE REVIEW,,,279,69.75,31,LOW,,79,48,78,74,0,NO NUMERIC CHANGE PROPOSED
Cloudpip,,PENDING REVIEW,Zoa,Aero,100,77,69,56,mid-tier omnivore,Sky Haven thermals,Uncommon,ESTIMATED,397,Unnumbered Archive / Intake,INTAKE; CANON PROMOTION REQUIRED,NO PRODUCTION ID — DO NOT ASSIGN,NOT VERIFIED — IMPORTED VALUES,UNVERIFIED; FORMS REQUIRE CONSENT / CANON REVIEW,PLACEHOLDER-LIKELY; HABITAT/ROLE REVIEW,,,302,75.5,44,MEDIUM,HIGH STAT >=96: INTENT REVIEW,95,77,69,56,-5,DRAFT CAP SUGGESTION; NOT APPROVED
Coluglyph,DEX-056,PENDING REVIEW,Zoa,Aura,71,62,85,68,mid-tier omnivore,Great Plains,Uncommon,DEX-CONFIRMED,57,Protected Core 001–125,CORE SLOT; PENDING REVIEW,PROTECTED SLOT PRESENT; IDENTITY APPROVAL NOT INFERRED,NOT VERIFIED — IMPORTED VALUES,UNVERIFIED; FORMS REQUIRE CONSENT / CANON REVIEW,PLACEHOLDER-LIKELY; HABITAT/ROLE REVIEW,,,286,71.5,23,MEDIUM,CORE NAME/FORM PENDING,71,62,85,68,0,NO NUMERIC CHANGE PROPOSED
Coluglyph Skyweaver,DEX-057,PENDING REVIEW,Zoa,Aero,55,83,77,75,mid-tier omnivore,Sky Haven thermals,Uncommon,DEX-CONFIRMED,58,Protected Core 001–125,CORE SLOT; PENDING REVIEW,PROTECTED SLOT PRESENT; IDENTITY APPROVAL NOT INFERRED,NOT VERIFIED — IMPORTED VALUES,UNVERIFIED; FORMS REQUIRE CONSENT / CANON REVIEW,PLACEHOLDER-LIKELY; HABITAT/ROLE REVIEW,,Coluglyph,290,72.5,28,MEDIUM,CORE NAME/FORM PENDING; POSSIBLE FORM / EVOLUTION RELATION,55,83,77,75,0,NO NUMERIC CHANGE PROPOSED
Coralflare,,PENDING REVIEW,Zoa,Pyre,56,46,68,79,reef grazer,Neon Sea reefs,Uncommon,ESTIMATED,269,Unnumbered Archive / Intake,INTAKE; CANON PROMOTION REQUIRED,NO PRODUCTION ID — DO NOT ASSIGN,NOT VERIFIED — IMPORTED VALUES,UNVERIFIED; FORMS REQUIRE CONSENT / CANON REVIEW,NOT VERIFIED — SOURCE SPECIFIC,,,249,62.25,33,LOW,,56,46,68,79,0,NO NUMERIC CHANGE PROPOSED
Core-Golem,,PENDING REVIEW,Zoa,Terra,75,100,79,56,mid-tier omnivore,Great Plains,Alpha,ESTIMATED,130,Unnumbered Archive / Intake,INTAKE; CANON PROMOTION REQUIRED,NO PRODUCTION ID — DO NOT ASSIGN,NOT VERIFIED — IMPORTED VALUES,UNVERIFIED; FORMS REQUIRE CONSENT / CANON REVIEW,PLACEHOLDER-LIKELY; HABITAT/ROLE REVIEW,,,310,77.5,44,MEDIUM,HIGH STAT >=96: INTENT REVIEW,75,100,79,56,0,NO NUMERIC CHANGE PROPOSED
Corncrest,,PENDING REVIEW,Zoa,Aura,85,57,49,80,mid-tier omnivore,Great Plains,Uncommon,ESTIMATED,281,Unnumbered Archive / Intake,INTAKE; CANON PROMOTION REQUIRED,NO PRODUCTION ID — DO NOT ASSIGN,NOT VERIFIED — IMPORTED VALUES,UNVERIFIED; FORMS REQUIRE CONSENT / CANON REVIEW,PLACEHOLDER-LIKELY; HABITAT/ROLE REVIEW,,,271,67.75,36,LOW,,85,57,49,80,0,NO NUMERIC CHANGE PROPOSED
Corruptide,,PENDING REVIEW,Zoa,Torrent,83,66,63,20,reef grazer,Azure Coastline,Uncommon,ESTIMATED,191,Unnumbered Archive / Intake,INTAKE; CANON PROMOTION REQUIRED,NO PRODUCTION ID — DO NOT ASSIGN,NOT VERIFIED — IMPORTED VALUES,UNVERIFIED; FORMS REQUIRE CONSENT / CANON REVIEW,NOT VERIFIED — SOURCE SPECIFIC,,,232,58.0,63,MEDIUM,LOW PURITY <=25: STATE REVIEW; STAT SPREAD >=50: ROLE REVIEW,83,66,63,20,0,NO NUMERIC CHANGE PROPOSED
Cosmo-Seraph,,PENDING REVIEW,Zoa,Aura,53,80,54,81,mid-tier omnivore,Great Plains,Legendary,ESTIMATED,391,Unnumbered Archive / Intake,INTAKE; CANON PROMOTION REQUIRED,NO PRODUCTION ID — DO NOT ASSIGN,NOT VERIFIED — IMPORTED VALUES,UNVERIFIED; FORMS REQUIRE CONSENT / CANON REVIEW,PLACEHOLDER-LIKELY; HABITAT/ROLE REVIEW,,,268,67.0,28,LOW,,53,80,54,81,0,NO NUMERIC CHANGE PROPOSED
Countdown,,PENDING REVIEW,Zoa,Aura,54,58,50,68,mid-tier omnivore,Great Plains,Uncommon,ESTIMATED,241,Unnumbered Archive / Intake,INTAKE; CANON PROMOTION REQUIRED,NO PRODUCTION ID — DO NOT ASSIGN,NOT VERIFIED — IMPORTED VALUES,UNVERIFIED; FORMS REQUIRE CONSENT / CANON REVIEW,PLACEHOLDER-LIKELY; HABITAT/ROLE REVIEW,,,230,57.5,18,LOW,,54,58,50,68,0,NO NUMERIC CHANGE PROPOSED
Crowncurrent,DEX-048,PERMANENT DEX,Zoa,Voltic,68,47,73,62,mid-tier omnivore,Great Plains,Rare,DEX-CONFIRMED,49,Protected Core 001–125,CORE SLOT; EXISTING PERMANENT LABEL,PROTECTED SLOT PRESENT; IDENTITY APPROVAL NOT INFERRED,NOT VERIFIED — IMPORTED VALUES,UNVERIFIED; FORMS REQUIRE CONSENT / CANON REVIEW,PLACEHOLDER-LIKELY; HABITAT/ROLE REVIEW,,,250,62.5,26,LOW,,68,47,73,62,0,NO NUMERIC CHANGE PROPOSED
Crownlight,,PENDING REVIEW,Zoa,Aura,58,82,61,46,mid-tier omnivore,Great Plains,Uncommon,ESTIMATED,159,Unnumbered Archive / Intake,INTAKE; CANON PROMOTION REQUIRED,NO PRODUCTION ID — DO NOT ASSIGN,NOT VERIFIED — IMPORTED VALUES,UNVERIFIED; FORMS REQUIRE CONSENT / CANON REVIEW,PLACEHOLDER-LIKELY; HABITAT/ROLE REVIEW,,,247,61.75,36,LOW,,58,82,61,46,0,NO NUMERIC CHANGE PROPOSED
Crownspore Regent,,PENDING REVIEW,Myko,Aura,54,53,66,78,decomposer network node,Great Plains,Legendary,ESTIMATED,496,Unnumbered Archive / Intake,INTAKE; CANON PROMOTION REQUIRED,NO PRODUCTION ID — DO NOT ASSIGN,NOT VERIFIED — IMPORTED VALUES,UNVERIFIED; FORMS REQUIRE CONSENT / CANON REVIEW,PLACEHOLDER-LIKELY; HABITAT/ROLE REVIEW,,,251,62.75,25,LOW,,54,53,66,78,0,NO NUMERIC CHANGE PROPOSED
Cryopuff,,PENDING REVIEW,Zoa,Glaze,82,65,71,71,mid-tier omnivore,Steel Frost valleys,Uncommon,ESTIMATED,416,Unnumbered Archive / Intake,INTAKE; CANON PROMOTION REQUIRED,NO PRODUCTION ID — DO NOT ASSIGN,NOT VERIFIED — IMPORTED VALUES,UNVERIFIED; FORMS REQUIRE CONSENT / CANON REVIEW,PLACEHOLDER-LIKELY; HABITAT/ROLE REVIEW,,,289,72.25,17,LOW,,82,65,71,71,0,NO NUMERIC CHANGE PROPOSED
Cryptwing,,PENDING REVIEW,Zoa,Shade,70,52,72,76,mid-tier omnivore,Arkam ruins,Uncommon,ESTIMATED,148,Unnumbered Archive / Intake,INTAKE; CANON PROMOTION REQUIRED,NO PRODUCTION ID — DO NOT ASSIGN,NOT VERIFIED — IMPORTED VALUES,UNVERIFIED; FORMS REQUIRE CONSENT / CANON REVIEW,PLACEHOLDER-LIKELY; HABITAT/ROLE REVIEW,,,270,67.5,24,LOW,,70,52,72,76,0,NO NUMERIC CHANGE PROPOSED
Crystal Antler,,PENDING REVIEW,Zoa,Aura,45,70,67,59,mid-tier omnivore,Great Plains,Uncommon,ESTIMATED,226,Unnumbered Archive / Intake,INTAKE; CANON PROMOTION REQUIRED,NO PRODUCTION ID — DO NOT ASSIGN,NOT VERIFIED — IMPORTED VALUES,UNVERIFIED; FORMS REQUIRE CONSENT / CANON REVIEW,PLACEHOLDER-LIKELY; HABITAT/ROLE REVIEW,,,241,60.25,25,LOW,,45,70,67,59,0,NO NUMERIC CHANGE PROPOSED
CRYSTALON,,PENDING REVIEW,Zoa,Aero,68,46,72,72,mid-tier omnivore,Great Plains,Uncommon,ESTIMATED,462,Unnumbered Archive / Intake,INTAKE; CANON PROMOTION REQUIRED,NO PRODUCTION ID — DO NOT ASSIGN,NOT VERIFIED — IMPORTED VALUES,UNVERIFIED; FORMS REQUIRE CONSENT / CANON REVIEW,PLACEHOLDER-LIKELY; HABITAT/ROLE REVIEW,,,258,64.5,26,LOW,,68,46,72,72,0,NO NUMERIC CHANGE PROPOSED
D. Frog,,PENDING REVIEW,Zoa,Aura,79,56,82,57,mid-tier omnivore,Great Plains,Uncommon,ESTIMATED,330,Unnumbered Archive / Intake,INTAKE; CANON PROMOTION REQUIRED,NO PRODUCTION ID — DO NOT ASSIGN,NOT VERIFIED — IMPORTED VALUES,UNVERIFIED; FORMS REQUIRE CONSENT / CANON REVIEW,PLACEHOLDER-LIKELY; HABITAT/ROLE REVIEW,,,274,68.5,26,LOW,,79,56,82,57,0,NO NUMERIC CHANGE PROPOSED
Dandelion,DEX-005,PERMANENT DEX,Flora,Aura,58,79,65,67,primary producer / habitat anchor,Great Plains,Rare,DEX-CONFIRMED,6,Protected Core 001–125,CORE SLOT; EXISTING PERMANENT LABEL,PROTECTED SLOT PRESENT; IDENTITY APPROVAL NOT INFERRED,NOT VERIFIED — IMPORTED VALUES,UNVERIFIED; FORMS REQUIRE CONSENT / CANON REVIEW,PLACEHOLDER-LIKELY; HABITAT/ROLE REVIEW,,,269,67.25,21,LOW,,58,79,65,67,0,NO NUMERIC CHANGE PROPOSED
Dante Inferno,,PENDING REVIEW,Zoa,Pyre,68,48,54,68,mid-tier omnivore,Boiling Abyss,Uncommon,ESTIMATED,419,Unnumbered Archive / Intake,INTAKE; CANON PROMOTION REQUIRED,NO PRODUCTION ID — DO NOT ASSIGN,NOT VERIFIED — IMPORTED VALUES,UNVERIFIED; FORMS REQUIRE CONSENT / CANON REVIEW,PLACEHOLDER-LIKELY; HABITAT/ROLE REVIEW,,,238,59.5,20,LOW,,68,48,54,68,0,NO NUMERIC CHANGE PROPOSED
Dappletide,DEX-087,PENDING REVIEW,Zoa,Torrent,46,82,69,60,reef grazer,Azure Coastline,Uncommon,DEX-CONFIRMED,88,Protected Core 001–125,CORE SLOT; PENDING REVIEW,PROTECTED SLOT PRESENT; IDENTITY APPROVAL NOT INFERRED,NOT VERIFIED — IMPORTED VALUES,UNVERIFIED; FORMS REQUIRE CONSENT / CANON REVIEW,NOT VERIFIED — SOURCE SPECIFIC,,,257,64.25,36,MEDIUM,CORE NAME/FORM PENDING,46,82,69,60,0,NO NUMERIC CHANGE PROPOSED
Dark Void Eerie,,PENDING REVIEW,Zoa,Shade,57,58,83,36,abyssal scavenger,Great Plains,Uncommon,ESTIMATED,214,Unnumbered Archive / Intake,INTAKE; CANON PROMOTION REQUIRED,NO PRODUCTION ID — DO NOT ASSIGN,NOT VERIFIED — IMPORTED VALUES,UNVERIFIED; FORMS REQUIRE CONSENT / CANON REVIEW,PLACEHOLDER-LIKELY; HABITAT/ROLE REVIEW,,,234,58.5,47,LOW,,57,58,83,36,0,NO NUMERIC CHANGE PROPOSED
Dark Void Floauwer,,PENDING REVIEW,Flora,Shade,76,51,73,48,abyssal scavenger,Great Plains,Uncommon,ESTIMATED,215,Unnumbered Archive / Intake,INTAKE; CANON PROMOTION REQUIRED,NO PRODUCTION ID — DO NOT ASSIGN,NOT VERIFIED — IMPORTED VALUES,UNVERIFIED; FORMS REQUIRE CONSENT / CANON REVIEW,PLACEHOLDER-LIKELY; HABITAT/ROLE REVIEW,,,248,62.0,28,LOW,,76,51,73,48,0,NO NUMERIC CHANGE PROPOSED
Dark Void Leon,,PENDING REVIEW,Zoa,Shade,45,56,60,27,abyssal scavenger,Great Plains,Uncommon,ESTIMATED,216,Unnumbered Archive / Intake,INTAKE; CANON PROMOTION REQUIRED,NO PRODUCTION ID — DO NOT ASSIGN,NOT VERIFIED — IMPORTED VALUES,UNVERIFIED; FORMS REQUIRE CONSENT / CANON REVIEW,PLACEHOLDER-LIKELY; HABITAT/ROLE REVIEW,,,188,47.0,33,LOW,,45,56,60,27,0,NO NUMERIC CHANGE PROPOSED
Dark Void Lunar,,PENDING REVIEW,Zoa,Shade,55,62,70,28,abyssal scavenger,Great Plains,Uncommon,ESTIMATED,217,Unnumbered Archive / Intake,INTAKE; CANON PROMOTION REQUIRED,NO PRODUCTION ID — DO NOT ASSIGN,NOT VERIFIED — IMPORTED VALUES,UNVERIFIED; FORMS REQUIRE CONSENT / CANON REVIEW,PLACEHOLDER-LIKELY; HABITAT/ROLE REVIEW,,,215,53.75,42,LOW,,55,62,70,28,0,NO NUMERIC CHANGE PROPOSED
Dark Void Nature,,PENDING REVIEW,Zoa,Shade,48,67,58,26,abyssal scavenger,Great Plains,Uncommon,ESTIMATED,218,Unnumbered Archive / Intake,INTAKE; CANON PROMOTION REQUIRED,NO PRODUCTION ID — DO NOT ASSIGN,NOT VERIFIED — IMPORTED VALUES,UNVERIFIED; FORMS REQUIRE CONSENT / CANON REVIEW,PLACEHOLDER-LIKELY; HABITAT/ROLE REVIEW,,,199,49.75,41,LOW,,48,67,58,26,0,NO NUMERIC CHANGE PROPOSED
Dark Void Phoenix,,PENDING REVIEW,Zoa,Shade,82,72,68,35,abyssal scavenger,Great Plains,Uncommon,ESTIMATED,219,Unnumbered Archive / Intake,INTAKE; CANON PROMOTION REQUIRED,NO PRODUCTION ID — DO NOT ASSIGN,NOT VERIFIED — IMPORTED VALUES,UNVERIFIED; FORMS REQUIRE CONSENT / CANON REVIEW,PLACEHOLDER-LIKELY; HABITAT/ROLE REVIEW,,,257,64.25,47,LOW,,82,72,68,35,0,NO NUMERIC CHANGE PROPOSED
Dark Void Serpentine,,PENDING REVIEW,Zoa,Shade,61,49,79,15,abyssal scavenger,Great Plains,Uncommon,ESTIMATED,220,Unnumbered Archive / Intake,INTAKE; CANON PROMOTION REQUIRED,NO PRODUCTION ID — DO NOT ASSIGN,NOT VERIFIED — IMPORTED VALUES,UNVERIFIED; FORMS REQUIRE CONSENT / CANON REVIEW,PLACEHOLDER-LIKELY; HABITAT/ROLE REVIEW,,,204,51.0,64,MEDIUM,LOW PURITY <=25: STATE REVIEW; STAT SPREAD >=50: ROLE REVIEW,61,49,79,15,0,NO NUMERIC CHANGE PROPOSED
Dark Void Skeleton,,PENDING REVIEW,Zoa,Shade,53,60,69,30,abyssal scavenger,Great Plains,Uncommon,ESTIMATED,221,Unnumbered Archive / Intake,INTAKE; CANON PROMOTION REQUIRED,NO PRODUCTION ID — DO NOT ASSIGN,NOT VERIFIED — IMPORTED VALUES,UNVERIFIED; FORMS REQUIRE CONSENT / CANON REVIEW,PLACEHOLDER-LIKELY; HABITAT/ROLE REVIEW,,,212,53.0,39,LOW,,53,60,69,30,0,NO NUMERIC CHANGE PROPOSED
Dark Void Treezing,,PENDING REVIEW,Flora,Shade,87,61,93,40,abyssal scavenger,Great Plains,Uncommon,ESTIMATED,222,Unnumbered Archive / Intake,INTAKE; CANON PROMOTION REQUIRED,NO PRODUCTION ID — DO NOT ASSIGN,NOT VERIFIED — IMPORTED VALUES,UNVERIFIED; FORMS REQUIRE CONSENT / CANON REVIEW,PLACEHOLDER-LIKELY; HABITAT/ROLE REVIEW,,,281,70.25,53,MEDIUM,STAT SPREAD >=50: ROLE REVIEW,87,61,93,40,0,NO NUMERIC CHANGE PROPOSED
Dark Void Voltage,,PENDING REVIEW,Zoa,Shade,54,83,63,40,abyssal scavenger,Great Plains,Uncommon,ESTIMATED,223,Unnumbered Archive / Intake,INTAKE; CANON PROMOTION REQUIRED,NO PRODUCTION ID — DO NOT ASSIGN,NOT VERIFIED — IMPORTED VALUES,UNVERIFIED; FORMS REQUIRE CONSENT / CANON REVIEW,PLACEHOLDER-LIKELY; HABITAT/ROLE REVIEW,,,240,60.0,43,LOW,,54,83,63,40,0,NO NUMERIC CHANGE PROPOSED
Darkvoid,,PENDING REVIEW,Zoa,Shade,68,45,67,47,abyssal scavenger,Great Plains,Uncommon,ESTIMATED,192,Unnumbered Archive / Intake,INTAKE; CANON PROMOTION REQUIRED,NO PRODUCTION ID — DO NOT ASSIGN,NOT VERIFIED — IMPORTED VALUES,UNVERIFIED; FORMS REQUIRE CONSENT / CANON REVIEW,PLACEHOLDER-LIKELY; HABITAT/ROLE REVIEW,,,227,56.75,23,LOW,,68,45,67,47,0,NO NUMERIC CHANGE PROPOSED
Dawnkeeper,,PENDING REVIEW,Zoa,Aura,57,58,76,48,mid-tier omnivore,Great Plains,Uncommon,ESTIMATED,160,Unnumbered Archive / Intake,INTAKE; CANON PROMOTION REQUIRED,NO PRODUCTION ID — DO NOT ASSIGN,NOT VERIFIED — IMPORTED VALUES,UNVERIFIED; FORMS REQUIRE CONSENT / CANON REVIEW,PLACEHOLDER-LIKELY; HABITAT/ROLE REVIEW,,,239,59.75,28,LOW,,57,58,76,48,0,NO NUMERIC CHANGE PROPOSED
Deadlight,,PENDING REVIEW,Zoa,Shade,82,62,59,66,mid-tier omnivore,Great Plains,Uncommon,ESTIMATED,193,Unnumbered Archive / Intake,INTAKE; CANON PROMOTION REQUIRED,NO PRODUCTION ID — DO NOT ASSIGN,NOT VERIFIED — IMPORTED VALUES,UNVERIFIED; FORMS REQUIRE CONSENT / CANON REVIEW,PLACEHOLDER-LIKELY; HABITAT/ROLE REVIEW,,,269,67.25,23,LOW,,82,62,59,66,0,NO NUMERIC CHANGE PROPOSED
Deer Don,,PENDING REVIEW,Zoa,Aura,78,59,85,76,mid-tier omnivore,Great Plains,Uncommon,ESTIMATED,342,Unnumbered Archive / Intake,INTAKE; CANON PROMOTION REQUIRED,NO PRODUCTION ID — DO NOT ASSIGN,NOT VERIFIED — IMPORTED VALUES,UNVERIFIED; FORMS REQUIRE CONSENT / CANON REVIEW,PLACEHOLDER-LIKELY; HABITAT/ROLE REVIEW,,,298,74.5,26,LOW,,78,59,85,76,0,NO NUMERIC CHANGE PROPOSED
Demon,DEX-102,PENDING REVIEW,Zoa,Aura,82,68,59,23,mid-tier omnivore,Great Plains,Uncommon,DEX-CONFIRMED,103,Protected Core 001–125,CORE SLOT; PENDING REVIEW,PROTECTED SLOT PRESENT; IDENTITY APPROVAL NOT INFERRED,NOT VERIFIED — IMPORTED VALUES,UNVERIFIED; FORMS REQUIRE CONSENT / CANON REVIEW,PLACEHOLDER-LIKELY; HABITAT/ROLE REVIEW,,,232,58.0,59,MEDIUM,CORE NAME/FORM PENDING; LOW PURITY <=25: STATE REVIEW; STAT SPREAD >=50: ROLE REVIEW,82,68,59,23,0,NO NUMERIC CHANGE PROPOSED
Devoid,,PENDING REVIEW,Zoa,Shade,78,72,80,46,abyssal scavenger,Great Plains,Uncommon,ESTIMATED,194,Unnumbered Archive / Intake,INTAKE; CANON PROMOTION REQUIRED,NO PRODUCTION ID — DO NOT ASSIGN,NOT VERIFIED — IMPORTED VALUES,UNVERIFIED; FORMS REQUIRE CONSENT / CANON REVIEW,PLACEHOLDER-LIKELY; HABITAT/ROLE REVIEW,,,276,69.0,34,LOW,,78,72,80,46,0,NO NUMERIC CHANGE PROPOSED
Dewdrop,,PENDING REVIEW,Zoa,Torrent,79,76,83,72,mid-tier omnivore,Rotting Maw wetlands,Uncommon,ESTIMATED,261,Unnumbered Archive / Intake,INTAKE; CANON PROMOTION REQUIRED,NO PRODUCTION ID — DO NOT ASSIGN,NOT VERIFIED — IMPORTED VALUES,UNVERIFIED; FORMS REQUIRE CONSENT / CANON REVIEW,PLACEHOLDER-LIKELY; HABITAT/ROLE REVIEW,,,310,77.5,11,LOW,,79,76,83,72,0,NO NUMERIC CHANGE PROPOSED
Dewfawn,DEX-009,PERMANENT DEX,Zoa,Torrent,84,50,78,74,mid-tier omnivore,Rotting Maw wetlands,Rare,DEX-CONFIRMED,10,Protected Core 001–125,CORE SLOT; EXISTING PERMANENT LABEL,PROTECTED SLOT PRESENT; IDENTITY APPROVAL NOT INFERRED,NOT VERIFIED — IMPORTED VALUES,UNVERIFIED; FORMS REQUIRE CONSENT / CANON REVIEW,PLACEHOLDER-LIKELY; HABITAT/ROLE REVIEW,,,286,71.5,34,LOW,,84,50,78,74,0,NO NUMERIC CHANGE PROPOSED
Divine Nature,,PENDING REVIEW,Flora,Flora,78,64,63,100,primary producer / habitat anchor,Great Plains,Uncommon,ESTIMATED,174,Unnumbered Archive / Intake,INTAKE; CANON PROMOTION REQUIRED,NO PRODUCTION ID — DO NOT ASSIGN,NOT VERIFIED — IMPORTED VALUES,UNVERIFIED; FORMS REQUIRE CONSENT / CANON REVIEW,PLACEHOLDER-LIKELY; HABITAT/ROLE REVIEW,,Nature (possible form; identity not approved),305,76.25,37,MEDIUM,POSSIBLE FORM / EVOLUTION RELATION; HIGH STAT >=96: INTENT REVIEW,78,64,63,95,-5,DRAFT CAP SUGGESTION; NOT APPROVED
Dr. Evil Sylar,,RETIRED,Zoa,Aura,67,76,80,57,mid-tier omnivore,Great Plains,Uncommon,ESTIMATED,547,Unnumbered Archive / Intake,ARCHIVE; DO NOT SHIP,NO PRODUCTION ID — DO NOT ASSIGN,NOT VERIFIED — IMPORTED VALUES,UNVERIFIED; FORMS REQUIRE CONSENT / CANON REVIEW,PLACEHOLDER-LIKELY; HABITAT/ROLE REVIEW,,,280,70.0,23,MEDIUM,RETIRED: EXCLUDE FROM ACTIVE ROSTER,67,76,80,57,0,NO NUMERIC CHANGE PROPOSED
Dread-Griffin,,PENDING REVIEW,Zoa,Shade,47,70,50,25,mid-tier omnivore,Great Plains,Uncommon,ESTIMATED,131,Unnumbered Archive / Intake,INTAKE; CANON PROMOTION REQUIRED,NO PRODUCTION ID — DO NOT ASSIGN,NOT VERIFIED — IMPORTED VALUES,UNVERIFIED; FORMS REQUIRE CONSENT / CANON REVIEW,PLACEHOLDER-LIKELY; HABITAT/ROLE REVIEW,,,192,48.0,45,MEDIUM,LOW PURITY <=25: STATE REVIEW,47,70,50,25,0,NO NUMERIC CHANGE PROPOSED
Dreadbloom,,PENDING REVIEW,Flora,Shade,66,64,69,55,canopy pollinator,Great Plains,Uncommon,ESTIMATED,471,Unnumbered Archive / Intake,INTAKE; CANON PROMOTION REQUIRED,NO PRODUCTION ID — DO NOT ASSIGN,NOT VERIFIED — IMPORTED VALUES,UNVERIFIED; FORMS REQUIRE CONSENT / CANON REVIEW,PLACEHOLDER-LIKELY; HABITAT/ROLE REVIEW,,,254,63.5,14,LOW,,66,64,69,55,0,NO NUMERIC CHANGE PROPOSED
Dreadcore,,PENDING REVIEW,Zoa,Shade,73,80,60,55,mid-tier omnivore,Great Plains,Uncommon,ESTIMATED,195,Unnumbered Archive / Intake,INTAKE; CANON PROMOTION REQUIRED,NO PRODUCTION ID — DO NOT ASSIGN,NOT VERIFIED — IMPORTED VALUES,UNVERIFIED; FORMS REQUIRE CONSENT / CANON REVIEW,PLACEHOLDER-LIKELY; HABITAT/ROLE REVIEW,,,268,67.0,25,LOW,,73,80,60,55,0,NO NUMERIC CHANGE PROPOSED
Dryad,DEX-113,PENDING REVIEW,Zoa,Aura,76,47,64,73,mid-tier omnivore,Great Plains,Uncommon,DEX-CONFIRMED,114,Protected Core 001–125,CORE SLOT; PENDING REVIEW,PROTECTED SLOT PRESENT; IDENTITY APPROVAL NOT INFERRED,NOT VERIFIED — IMPORTED VALUES,UNVERIFIED; FORMS REQUIRE CONSENT / CANON REVIEW,PLACEHOLDER-LIKELY; HABITAT/ROLE REVIEW,,,260,65.0,29,MEDIUM,CORE NAME/FORM PENDING,76,47,64,73,0,NO NUMERIC CHANGE PROPOSED
Dunetrunk,,PENDING REVIEW,Zoa,Terra,61,69,61,77,mid-tier omnivore,Crystal Desert,Uncommon,ESTIMATED,401,Unnumbered Archive / Intake,INTAKE; CANON PROMOTION REQUIRED,NO PRODUCTION ID — DO NOT ASSIGN,NOT VERIFIED — IMPORTED VALUES,UNVERIFIED; FORMS REQUIRE CONSENT / CANON REVIEW,PLACEHOLDER-LIKELY; HABITAT/ROLE REVIEW,,,268,67.0,16,LOW,,61,69,61,77,0,NO NUMERIC CHANGE PROPOSED
E.C.O. Sentinel,,PENDING REVIEW,Zoa,Aura,58,54,100,73,territorial guardian,Great Plains,Uncommon,ESTIMATED,394,Unnumbered Archive / Intake,INTAKE; CANON PROMOTION REQUIRED,NO PRODUCTION ID — DO NOT ASSIGN,NOT VERIFIED — IMPORTED VALUES,UNVERIFIED; FORMS REQUIRE CONSENT / CANON REVIEW,PLACEHOLDER-LIKELY; HABITAT/ROLE REVIEW,,,285,71.25,46,MEDIUM,HIGH STAT >=96: INTENT REVIEW,58,54,95,73,-5,DRAFT CAP SUGGESTION; NOT APPROVED
Earthpulse,,PENDING REVIEW,Zoa,Aura,47,78,77,75,mid-tier omnivore,Great Plains,Uncommon,ESTIMATED,289,Unnumbered Archive / Intake,INTAKE; CANON PROMOTION REQUIRED,NO PRODUCTION ID — DO NOT ASSIGN,NOT VERIFIED — IMPORTED VALUES,UNVERIFIED; FORMS REQUIRE CONSENT / CANON REVIEW,PLACEHOLDER-LIKELY; HABITAT/ROLE REVIEW,,,277,69.25,31,LOW,,47,78,77,75,0,NO NUMERIC CHANGE PROPOSED
Ebonmaw,,PENDING REVIEW,Zoa,Aura,76,55,60,75,apex predator,Great Plains,Legendary,ESTIMATED,392,Unnumbered Archive / Intake,INTAKE; CANON PROMOTION REQUIRED,NO PRODUCTION ID — DO NOT ASSIGN,NOT VERIFIED — IMPORTED VALUES,UNVERIFIED; FORMS REQUIRE CONSENT / CANON REVIEW,PLACEHOLDER-LIKELY; HABITAT/ROLE REVIEW,,,266,66.5,21,LOW,,76,55,60,75,0,NO NUMERIC CHANGE PROPOSED
Eclipse Maw,,PENDING REVIEW,Zoa,Shade,79,60,65,63,apex predator,Great Plains,Uncommon,ESTIMATED,196,Unnumbered Archive / Intake,INTAKE; CANON PROMOTION REQUIRED,NO PRODUCTION ID — DO NOT ASSIGN,NOT VERIFIED — IMPORTED VALUES,UNVERIFIED; FORMS REQUIRE CONSENT / CANON REVIEW,PLACEHOLDER-LIKELY; HABITAT/ROLE REVIEW,,,267,66.75,19,LOW,,79,60,65,63,0,NO NUMERIC CHANGE PROPOSED
Eerie,DEX-023,PERMANENT DEX,Zoa,Shade,49,64,83,58,mid-tier omnivore,Great Plains,Rare,DEX-CONFIRMED,24,Protected Core 001–125,CORE SLOT; EXISTING PERMANENT LABEL,PROTECTED SLOT PRESENT; IDENTITY APPROVAL NOT INFERRED,NOT VERIFIED — IMPORTED VALUES,UNVERIFIED; FORMS REQUIRE CONSENT / CANON REVIEW,PLACEHOLDER-LIKELY; HABITAT/ROLE REVIEW,,,254,63.5,34,LOW,,49,64,83,58,0,NO NUMERIC CHANGE PROPOSED
Elephiant,,PENDING REVIEW,Zoa,Aura,69,68,53,69,mid-tier omnivore,Great Plains,Uncommon,ESTIMATED,321,Unnumbered Archive / Intake,INTAKE; CANON PROMOTION REQUIRED,NO PRODUCTION ID — DO NOT ASSIGN,NOT VERIFIED — IMPORTED VALUES,UNVERIFIED; FORMS REQUIRE CONSENT / CANON REVIEW,PLACEHOLDER-LIKELY; HABITAT/ROLE REVIEW,,,259,64.75,16,LOW,,69,68,53,69,0,NO NUMERIC CHANGE PROPOSED
Ember Heart,,PENDING REVIEW,Zoa,Pyre,67,71,98,59,mid-tier omnivore,Boiling Abyss,Uncommon,ESTIMATED,436,Unnumbered Archive / Intake,INTAKE; CANON PROMOTION REQUIRED,NO PRODUCTION ID — DO NOT ASSIGN,NOT VERIFIED — IMPORTED VALUES,UNVERIFIED; FORMS REQUIRE CONSENT / CANON REVIEW,PLACEHOLDER-LIKELY; HABITAT/ROLE REVIEW,,,295,73.75,39,MEDIUM,HIGH STAT >=96: INTENT REVIEW,67,71,95,59,-3,DRAFT CAP SUGGESTION; NOT APPROVED
Emptyheart,,PENDING REVIEW,Zoa,Aura,53,69,74,50,mid-tier omnivore,Great Plains,Uncommon,ESTIMATED,197,Unnumbered Archive / Intake,INTAKE; CANON PROMOTION REQUIRED,NO PRODUCTION ID — DO NOT ASSIGN,NOT VERIFIED — IMPORTED VALUES,UNVERIFIED; FORMS REQUIRE CONSENT / CANON REVIEW,PLACEHOLDER-LIKELY; HABITAT/ROLE REVIEW,,,246,61.5,24,LOW,,53,69,74,50,0,NO NUMERIC CHANGE PROPOSED
Eonotara,DEX-071,PERMANENT DEX,Zoa,Aura,85,48,72,60,mid-tier omnivore,Great Plains,Rare,DEX-CONFIRMED,72,Protected Core 001–125,CORE SLOT; EXISTING PERMANENT LABEL,PROTECTED SLOT PRESENT; IDENTITY APPROVAL NOT INFERRED,NOT VERIFIED — IMPORTED VALUES,UNVERIFIED; FORMS REQUIRE CONSENT / CANON REVIEW,PLACEHOLDER-LIKELY; HABITAT/ROLE REVIEW,,,265,66.25,37,LOW,,85,48,72,60,0,NO NUMERIC CHANGE PROPOSED
Everfrost,,PENDING REVIEW,Zoa,Glaze,73,52,53,49,mid-tier omnivore,Steel Frost valleys,Uncommon,ESTIMATED,227,Unnumbered Archive / Intake,INTAKE; CANON PROMOTION REQUIRED,NO PRODUCTION ID — DO NOT ASSIGN,NOT VERIFIED — IMPORTED VALUES,UNVERIFIED; FORMS REQUIRE CONSENT / CANON REVIEW,PLACEHOLDER-LIKELY; HABITAT/ROLE REVIEW,,,227,56.75,24,LOW,,73,52,53,49,0,NO NUMERIC CHANGE PROPOSED
Evergloria,,PENDING REVIEW,Zoa,Aura,55,53,59,65,mid-tier omnivore,Great Plains,Uncommon,ESTIMATED,161,Unnumbered Archive / Intake,INTAKE; CANON PROMOTION REQUIRED,NO PRODUCTION ID — DO NOT ASSIGN,NOT VERIFIED — IMPORTED VALUES,UNVERIFIED; FORMS REQUIRE CONSENT / CANON REVIEW,PLACEHOLDER-LIKELY; HABITAT/ROLE REVIEW,,,232,58.0,12,LOW,,55,53,59,65,0,NO NUMERIC CHANGE PROPOSED
Featherfright,DEX-096,PENDING REVIEW,Zoa,Aero,80,45,45,48,mid-tier omnivore,Great Plains,Uncommon,DEX-CONFIRMED,97,Protected Core 001–125,CORE SLOT; PENDING REVIEW,PROTECTED SLOT PRESENT; IDENTITY APPROVAL NOT INFERRED,NOT VERIFIED — IMPORTED VALUES,UNVERIFIED; FORMS REQUIRE CONSENT / CANON REVIEW,PLACEHOLDER-LIKELY; HABITAT/ROLE REVIEW,,,218,54.5,35,MEDIUM,CORE NAME/FORM PENDING,80,45,45,48,0,NO NUMERIC CHANGE PROPOSED
Fenixflare,,PENDING REVIEW,Zoa,Pyre,94,51,59,54,mid-tier omnivore,Boiling Abyss,Uncommon,ESTIMATED,473,Unnumbered Archive / Intake,INTAKE; CANON PROMOTION REQUIRED,NO PRODUCTION ID — DO NOT ASSIGN,NOT VERIFIED — IMPORTED VALUES,UNVERIFIED; FORMS REQUIRE CONSENT / CANON REVIEW,PLACEHOLDER-LIKELY; HABITAT/ROLE REVIEW,,,258,64.5,43,LOW,,94,51,59,54,0,NO NUMERIC CHANGE PROPOSED
Ferron Guard,,PENDING REVIEW,Zoa,Aura,56,72,65,82,mid-tier omnivore,Great Plains,Uncommon,ESTIMATED,523,Unnumbered Archive / Intake,INTAKE; CANON PROMOTION REQUIRED,NO PRODUCTION ID — DO NOT ASSIGN,NOT VERIFIED — IMPORTED VALUES,UNVERIFIED; FORMS REQUIRE CONSENT / CANON REVIEW,PLACEHOLDER-LIKELY; HABITAT/ROLE REVIEW,,,275,68.75,26,LOW,,56,72,65,82,0,NO NUMERIC CHANGE PROPOSED
Ferronix,,PENDING REVIEW,Zoa,Aura,78,85,84,48,mid-tier omnivore,Great Plains,Uncommon,ESTIMATED,379,Unnumbered Archive / Intake,INTAKE; CANON PROMOTION REQUIRED,NO PRODUCTION ID — DO NOT ASSIGN,NOT VERIFIED — IMPORTED VALUES,UNVERIFIED; FORMS REQUIRE CONSENT / CANON REVIEW,PLACEHOLDER-LIKELY; HABITAT/ROLE REVIEW,,,295,73.75,37,LOW,,78,85,84,48,0,NO NUMERIC CHANGE PROPOSED
Ferrumwarden,,PENDING REVIEW,Zoa,Aura,56,65,98,47,territorial guardian,Great Plains,Uncommon,ESTIMATED,361,Unnumbered Archive / Intake,INTAKE; CANON PROMOTION REQUIRED,NO PRODUCTION ID — DO NOT ASSIGN,NOT VERIFIED — IMPORTED VALUES,UNVERIFIED; FORMS REQUIRE CONSENT / CANON REVIEW,PLACEHOLDER-LIKELY; HABITAT/ROLE REVIEW,,,266,66.5,51,MEDIUM,HIGH STAT >=96: INTENT REVIEW; STAT SPREAD >=50: ROLE REVIEW,56,65,95,47,-3,DRAFT CAP SUGGESTION; NOT APPROVED
Firework Finch,,PENDING REVIEW,Zoa,Torrent,100,67,74,64,mid-tier omnivore,Rotting Maw wetlands,Uncommon,ESTIMATED,242,Unnumbered Archive / Intake,INTAKE; CANON PROMOTION REQUIRED,NO PRODUCTION ID — DO NOT ASSIGN,NOT VERIFIED — IMPORTED VALUES,UNVERIFIED; FORMS REQUIRE CONSENT / CANON REVIEW,PLACEHOLDER-LIKELY; HABITAT/ROLE REVIEW,,,305,76.25,36,MEDIUM,HIGH STAT >=96: INTENT REVIEW,95,67,74,64,-5,DRAFT CAP SUGGESTION; NOT APPROVED
Firstlight,,PENDING REVIEW,Zoa,Aura,62,72,70,72,mid-tier omnivore,Great Plains,Uncommon,ESTIMATED,243,Unnumbered Archive / Intake,INTAKE; CANON PROMOTION REQUIRED,NO PRODUCTION ID — DO NOT ASSIGN,NOT VERIFIED — IMPORTED VALUES,UNVERIFIED; FORMS REQUIRE CONSENT / CANON REVIEW,PLACEHOLDER-LIKELY; HABITAT/ROLE REVIEW,,,276,69.0,10,LOW,,62,72,70,72,0,NO NUMERIC CHANGE PROPOSED
Flamingo,,PENDING REVIEW,Zoa,Aura,70,63,85,66,mid-tier omnivore,Great Plains,Uncommon,ESTIMATED,343,Unnumbered Archive / Intake,INTAKE; CANON PROMOTION REQUIRED,NO PRODUCTION ID — DO NOT ASSIGN,NOT VERIFIED — IMPORTED VALUES,UNVERIFIED; FORMS REQUIRE CONSENT / CANON REVIEW,PLACEHOLDER-LIKELY; HABITAT/ROLE REVIEW,,,284,71.0,22,LOW,,70,63,85,66,0,NO NUMERIC CHANGE PROPOSED
Flare-Vulpix,,RENAME REQUIRED,Zoa,Pyre,61,70,64,47,mid-tier omnivore,Boiling Abyss,Uncommon,ESTIMATED,545,Unnumbered Archive / Intake,INTAKE; RENAME REVIEW,NO PRODUCTION ID — DO NOT ASSIGN,NOT VERIFIED — IMPORTED VALUES,UNVERIFIED; FORMS REQUIRE CONSENT / CANON REVIEW,PLACEHOLDER-LIKELY; HABITAT/ROLE REVIEW,,,242,60.5,23,HIGH,RENAME/ORIGINALITY REVIEW,61,70,64,47,0,NO NUMERIC CHANGE PROPOSED
Flarevane,,PENDING REVIEW,Zoa,Pyre,93,85,73,73,mid-tier omnivore,Boiling Abyss,Uncommon,ESTIMATED,438,Unnumbered Archive / Intake,INTAKE; CANON PROMOTION REQUIRED,NO PRODUCTION ID — DO NOT ASSIGN,NOT VERIFIED — IMPORTED VALUES,UNVERIFIED; FORMS REQUIRE CONSENT / CANON REVIEW,PLACEHOLDER-LIKELY; HABITAT/ROLE REVIEW,,,324,81.0,20,LOW,,93,85,73,73,0,NO NUMERIC CHANGE PROPOSED
Flit-Bruxa,,PENDING REVIEW,Zoa,Aura,82,47,85,67,mid-tier omnivore,Great Plains,Uncommon,ESTIMATED,132,Unnumbered Archive / Intake,INTAKE; CANON PROMOTION REQUIRED,NO PRODUCTION ID — DO NOT ASSIGN,NOT VERIFIED — IMPORTED VALUES,UNVERIFIED; FORMS REQUIRE CONSENT / CANON REVIEW,PLACEHOLDER-LIKELY; HABITAT/ROLE REVIEW,,,281,70.25,38,LOW,,82,47,85,67,0,NO NUMERIC CHANGE PROPOSED
Floauwer,DEX-004,PERMANENT DEX,Flora,Flora,79,77,86,70,primary producer / habitat anchor,Great Plains,Rare,DEX-CONFIRMED,5,Protected Core 001–125,CORE SLOT; EXISTING PERMANENT LABEL,PROTECTED SLOT PRESENT; IDENTITY APPROVAL NOT INFERRED,NOT VERIFIED — IMPORTED VALUES,UNVERIFIED; FORMS REQUIRE CONSENT / CANON REVIEW,PLACEHOLDER-LIKELY; HABITAT/ROLE REVIEW,,,312,78.0,16,LOW,,79,77,86,70,0,NO NUMERIC CHANGE PROPOSED
Florafinity,DEX-045,PERMANENT DEX,Flora,Flora,82,61,76,70,primary producer / habitat anchor,Great Plains,Rare,DEX-CONFIRMED,46,Protected Core 001–125,CORE SLOT; EXISTING PERMANENT LABEL,PROTECTED SLOT PRESENT; IDENTITY APPROVAL NOT INFERRED,NOT VERIFIED — IMPORTED VALUES,UNVERIFIED; FORMS REQUIRE CONSENT / CANON REVIEW,PLACEHOLDER-LIKELY; HABITAT/ROLE REVIEW,,,289,72.25,21,LOW,,82,61,76,70,0,NO NUMERIC CHANGE PROPOSED
Flowerfang,,PENDING REVIEW,Flora,Aura,89,54,61,58,apex predator,Great Plains,Uncommon,ESTIMATED,262,Unnumbered Archive / Intake,INTAKE; CANON PROMOTION REQUIRED,NO PRODUCTION ID — DO NOT ASSIGN,NOT VERIFIED — IMPORTED VALUES,UNVERIFIED; FORMS REQUIRE CONSENT / CANON REVIEW,PLACEHOLDER-LIKELY; HABITAT/ROLE REVIEW,,,262,65.5,35,LOW,,89,54,61,58,0,NO NUMERIC CHANGE PROPOSED
Flurrybub,,PENDING REVIEW,Zoa,Aura,80,73,82,73,mid-tier omnivore,Great Plains,Uncommon,ESTIMATED,383,Unnumbered Archive / Intake,INTAKE; CANON PROMOTION REQUIRED,NO PRODUCTION ID — DO NOT ASSIGN,NOT VERIFIED — IMPORTED VALUES,UNVERIFIED; FORMS REQUIRE CONSENT / CANON REVIEW,PLACEHOLDER-LIKELY; HABITAT/ROLE REVIEW,,,308,77.0,9,LOW,,80,73,82,73,0,NO NUMERIC CHANGE PROPOSED
Fog-Weaver,,PENDING REVIEW,Zoa,Aura,79,67,65,45,mid-tier omnivore,Great Plains,Uncommon,ESTIMATED,133,Unnumbered Archive / Intake,INTAKE; CANON PROMOTION REQUIRED,NO PRODUCTION ID — DO NOT ASSIGN,NOT VERIFIED — IMPORTED VALUES,UNVERIFIED; FORMS REQUIRE CONSENT / CANON REVIEW,PLACEHOLDER-LIKELY; HABITAT/ROLE REVIEW,,,256,64.0,34,LOW,,79,67,65,45,0,NO NUMERIC CHANGE PROPOSED
Fox Fur,,PENDING REVIEW,Zoa,Aura,83,54,80,67,mid-tier omnivore,Great Plains,Uncommon,ESTIMATED,329,Unnumbered Archive / Intake,INTAKE; CANON PROMOTION REQUIRED,NO PRODUCTION ID — DO NOT ASSIGN,NOT VERIFIED — IMPORTED VALUES,UNVERIFIED; FORMS REQUIRE CONSENT / CANON REVIEW,PLACEHOLDER-LIKELY; HABITAT/ROLE REVIEW,,,284,71.0,29,LOW,,83,54,80,67,0,NO NUMERIC CHANGE PROPOSED
Frost Lion,,PENDING REVIEW,Zoa,Glaze,83,71,47,55,mid-tier omnivore,Steel Frost valleys,Uncommon,ESTIMATED,378,Unnumbered Archive / Intake,INTAKE; CANON PROMOTION REQUIRED,NO PRODUCTION ID — DO NOT ASSIGN,NOT VERIFIED — IMPORTED VALUES,UNVERIFIED; FORMS REQUIRE CONSENT / CANON REVIEW,PLACEHOLDER-LIKELY; HABITAT/ROLE REVIEW,,,256,64.0,36,LOW,,83,71,47,55,0,NO NUMERIC CHANGE PROPOSED
Frostberry,,PENDING REVIEW,Zoa,Glaze,66,52,82,75,mid-tier omnivore,Steel Frost valleys,Uncommon,ESTIMATED,228,Unnumbered Archive / Intake,INTAKE; CANON PROMOTION REQUIRED,NO PRODUCTION ID — DO NOT ASSIGN,NOT VERIFIED — IMPORTED VALUES,UNVERIFIED; FORMS REQUIRE CONSENT / CANON REVIEW,PLACEHOLDER-LIKELY; HABITAT/ROLE REVIEW,,,275,68.75,30,LOW,,66,52,82,75,0,NO NUMERIC CHANGE PROPOSED
Frostfang,,PENDING REVIEW,Zoa,Glaze,78,64,71,53,apex predator,Steel Frost valleys,Uncommon,ESTIMATED,475,Unnumbered Archive / Intake,INTAKE; CANON PROMOTION REQUIRED,NO PRODUCTION ID — DO NOT ASSIGN,NOT VERIFIED — IMPORTED VALUES,UNVERIFIED; FORMS REQUIRE CONSENT / CANON REVIEW,NOT VERIFIED — SOURCE SPECIFIC,,,266,66.5,25,LOW,,78,64,71,53,0,NO NUMERIC CHANGE PROPOSED
Frostveil,,PENDING REVIEW,Zoa,Glaze,82,83,56,80,mid-tier omnivore,Steel Frost valleys,Uncommon,ESTIMATED,415,Unnumbered Archive / Intake,INTAKE; CANON PROMOTION REQUIRED,NO PRODUCTION ID — DO NOT ASSIGN,NOT VERIFIED — IMPORTED VALUES,UNVERIFIED; FORMS REQUIRE CONSENT / CANON REVIEW,PLACEHOLDER-LIKELY; HABITAT/ROLE REVIEW,,,301,75.25,27,LOW,,82,83,56,80,0,NO NUMERIC CHANGE PROPOSED
Fulgurix,,PENDING REVIEW,Zoa,Aura,85,54,47,70,mid-tier omnivore,Great Plains,Uncommon,ESTIMATED,445,Unnumbered Archive / Intake,INTAKE; CANON PROMOTION REQUIRED,NO PRODUCTION ID — DO NOT ASSIGN,NOT VERIFIED — IMPORTED VALUES,UNVERIFIED; FORMS REQUIRE CONSENT / CANON REVIEW,PLACEHOLDER-LIKELY; HABITAT/ROLE REVIEW,,,256,64.0,38,LOW,,85,54,47,70,0,NO NUMERIC CHANGE PROPOSED
GALACTORRA,,PENDING REVIEW,Zoa,Aura,61,48,56,48,mid-tier omnivore,Great Plains,Uncommon,ESTIMATED,300,Unnumbered Archive / Intake,INTAKE; CANON PROMOTION REQUIRED,NO PRODUCTION ID — DO NOT ASSIGN,NOT VERIFIED — IMPORTED VALUES,UNVERIFIED; FORMS REQUIRE CONSENT / CANON REVIEW,PLACEHOLDER-LIKELY; HABITAT/ROLE REVIEW,,,213,53.25,13,LOW,,61,48,56,48,0,NO NUMERIC CHANGE PROPOSED
Gale-Harpy,,PENDING REVIEW,Zoa,Aero,86,68,63,50,mid-tier omnivore,Great Plains,Uncommon,ESTIMATED,515,Unnumbered Archive / Intake,INTAKE; CANON PROMOTION REQUIRED,NO PRODUCTION ID — DO NOT ASSIGN,NOT VERIFIED — IMPORTED VALUES,UNVERIFIED; FORMS REQUIRE CONSENT / CANON REVIEW,PLACEHOLDER-LIKELY; HABITAT/ROLE REVIEW,,,267,66.75,36,LOW,,86,68,63,50,0,NO NUMERIC CHANGE PROPOSED
Galecrest Wisp,,PENDING REVIEW,Zoa,Aero,100,65,65,75,mid-tier omnivore,Great Plains,Uncommon,ESTIMATED,529,Unnumbered Archive / Intake,INTAKE; CANON PROMOTION REQUIRED,NO PRODUCTION ID — DO NOT ASSIGN,NOT VERIFIED — IMPORTED VALUES,UNVERIFIED; FORMS REQUIRE CONSENT / CANON REVIEW,PLACEHOLDER-LIKELY; HABITAT/ROLE REVIEW,,,305,76.25,35,MEDIUM,HIGH STAT >=96: INTENT REVIEW,95,65,65,75,-5,DRAFT CAP SUGGESTION; NOT APPROVED
Garudon,,PENDING REVIEW,Zoa,Aura,70,69,85,85,mid-tier omnivore,Great Plains,Uncommon,ESTIMATED,484,Unnumbered Archive / Intake,INTAKE; CANON PROMOTION REQUIRED,NO PRODUCTION ID — DO NOT ASSIGN,NOT VERIFIED — IMPORTED VALUES,UNVERIFIED; FORMS REQUIRE CONSENT / CANON REVIEW,PLACEHOLDER-LIKELY; HABITAT/ROLE REVIEW,,,309,77.25,16,LOW,,70,69,85,85,0,NO NUMERIC CHANGE PROPOSED
Geckalyx,DEX-008,PERMANENT DEX,Zoa,Aura,61,83,64,74,mid-tier omnivore,Great Plains,Rare,DEX-CONFIRMED,9,Protected Core 001–125,CORE SLOT; EXISTING PERMANENT LABEL,PROTECTED SLOT PRESENT; IDENTITY APPROVAL NOT INFERRED,NOT VERIFIED — IMPORTED VALUES,UNVERIFIED; FORMS REQUIRE CONSENT / CANON REVIEW,PLACEHOLDER-LIKELY; HABITAT/ROLE REVIEW,,,282,70.5,22,LOW,,61,83,64,74,0,NO NUMERIC CHANGE PROPOSED
Gerenreach,DEX-065,PENDING REVIEW,Zoa,Aura,71,48,58,69,mid-tier omnivore,Great Plains,Uncommon,DEX-CONFIRMED,66,Protected Core 001–125,CORE SLOT; PENDING REVIEW,PROTECTED SLOT PRESENT; IDENTITY APPROVAL NOT INFERRED,NOT VERIFIED — IMPORTED VALUES,UNVERIFIED; FORMS REQUIRE CONSENT / CANON REVIEW,PLACEHOLDER-LIKELY; HABITAT/ROLE REVIEW,,,246,61.5,23,MEDIUM,CORE NAME/FORM PENDING,71,48,58,69,0,NO NUMERIC CHANGE PROPOSED
Gerenreach Crownforager,DEX-066,PENDING REVIEW,Zoa,Aura,55,54,60,64,mid-tier omnivore,Great Plains,Uncommon,DEX-CONFIRMED,67,Protected Core 001–125,CORE SLOT; PENDING REVIEW,PROTECTED SLOT PRESENT; IDENTITY APPROVAL NOT INFERRED,NOT VERIFIED — IMPORTED VALUES,UNVERIFIED; FORMS REQUIRE CONSENT / CANON REVIEW,PLACEHOLDER-LIKELY; HABITAT/ROLE REVIEW,,Gerenreach,233,58.25,10,MEDIUM,CORE NAME/FORM PENDING; POSSIBLE FORM / EVOLUTION RELATION,55,54,60,64,0,NO NUMERIC CHANGE PROPOSED
Ghost,DEX-104,PENDING REVIEW,Zoa,Aura,71,69,57,57,mid-tier omnivore,Great Plains,Uncommon,DEX-CONFIRMED,105,Protected Core 001–125,CORE SLOT; PENDING REVIEW,PROTECTED SLOT PRESENT; IDENTITY APPROVAL NOT INFERRED,NOT VERIFIED — IMPORTED VALUES,UNVERIFIED; FORMS REQUIRE CONSENT / CANON REVIEW,PLACEHOLDER-LIKELY; HABITAT/ROLE REVIEW,,,254,63.5,14,MEDIUM,CORE NAME/FORM PENDING,71,69,57,57,0,NO NUMERIC CHANGE PROPOSED
Ghoul,DEX-024,PERMANENT DEX,Zoa,Shade,60,85,73,44,mid-tier omnivore,Great Plains,Rare,DEX-CONFIRMED,25,Protected Core 001–125,CORE SLOT; EXISTING PERMANENT LABEL,PROTECTED SLOT PRESENT; IDENTITY APPROVAL NOT INFERRED,NOT VERIFIED — IMPORTED VALUES,UNVERIFIED; FORMS REQUIRE CONSENT / CANON REVIEW,PLACEHOLDER-LIKELY; HABITAT/ROLE REVIEW,,,262,65.5,41,LOW,,60,85,73,44,0,NO NUMERIC CHANGE PROPOSED
Giftwing,,PENDING REVIEW,Zoa,Aero,67,46,53,77,mid-tier omnivore,Great Plains,Uncommon,ESTIMATED,229,Unnumbered Archive / Intake,INTAKE; CANON PROMOTION REQUIRED,NO PRODUCTION ID — DO NOT ASSIGN,NOT VERIFIED — IMPORTED VALUES,UNVERIFIED; FORMS REQUIRE CONSENT / CANON REVIEW,PLACEHOLDER-LIKELY; HABITAT/ROLE REVIEW,,,243,60.75,31,LOW,,67,46,53,77,0,NO NUMERIC CHANGE PROPOSED
Glacierune,,PENDING REVIEW,Zoa,Glaze,80,77,83,50,mid-tier omnivore,Steel Frost valleys,Uncommon,ESTIMATED,417,Unnumbered Archive / Intake,INTAKE; CANON PROMOTION REQUIRED,NO PRODUCTION ID — DO NOT ASSIGN,NOT VERIFIED — IMPORTED VALUES,UNVERIFIED; FORMS REQUIRE CONSENT / CANON REVIEW,PLACEHOLDER-LIKELY; HABITAT/ROLE REVIEW,,,290,72.5,33,LOW,,80,77,83,50,0,NO NUMERIC CHANGE PROPOSED
Glimbit,DEX-093,PENDING REVIEW,Zoa,Voltic,64,46,78,71,mid-tier omnivore,Great Plains,Uncommon,DEX-CONFIRMED,94,Protected Core 001–125,CORE SLOT; PENDING REVIEW,PROTECTED SLOT PRESENT; IDENTITY APPROVAL NOT INFERRED,NOT VERIFIED — IMPORTED VALUES,UNVERIFIED; FORMS REQUIRE CONSENT / CANON REVIEW,PLACEHOLDER-LIKELY; HABITAT/ROLE REVIEW,,,259,64.75,32,MEDIUM,CORE NAME/FORM PENDING,64,46,78,71,0,NO NUMERIC CHANGE PROPOSED
Glimmider,,PENDING REVIEW,Zoa,Aura,81,78,75,52,mid-tier omnivore,Great Plains,Uncommon,ESTIMATED,403,Unnumbered Archive / Intake,INTAKE; CANON PROMOTION REQUIRED,NO PRODUCTION ID — DO NOT ASSIGN,NOT VERIFIED — IMPORTED VALUES,UNVERIFIED; FORMS REQUIRE CONSENT / CANON REVIEW,PLACEHOLDER-LIKELY; HABITAT/ROLE REVIEW,,,286,71.5,29,LOW,,81,78,75,52,0,NO NUMERIC CHANGE PROPOSED
Glow Worm,DEX-007,PERMANENT DEX,Zoa,Flora,76,47,73,83,soil engineer,Great Plains,Rare,DEX-CONFIRMED,8,Protected Core 001–125,CORE SLOT; EXISTING PERMANENT LABEL,PROTECTED SLOT PRESENT; IDENTITY APPROVAL NOT INFERRED,NOT VERIFIED — IMPORTED VALUES,UNVERIFIED; FORMS REQUIRE CONSENT / CANON REVIEW,PLACEHOLDER-LIKELY; HABITAT/ROLE REVIEW,,,279,69.75,36,LOW,,76,47,73,83,0,NO NUMERIC CHANGE PROPOSED
Glowflake,,PENDING REVIEW,Zoa,Aura,65,82,58,46,mid-tier omnivore,Rotting Maw wetlands,Uncommon,ESTIMATED,230,Unnumbered Archive / Intake,INTAKE; CANON PROMOTION REQUIRED,NO PRODUCTION ID — DO NOT ASSIGN,NOT VERIFIED — IMPORTED VALUES,UNVERIFIED; FORMS REQUIRE CONSENT / CANON REVIEW,PLACEHOLDER-LIKELY; HABITAT/ROLE REVIEW,,,251,62.75,36,LOW,,65,82,58,46,0,NO NUMERIC CHANGE PROPOSED
Goldleaf,,PENDING REVIEW,Flora,Flora,87,77,68,69,primary producer / habitat anchor,Great Plains,Uncommon,ESTIMATED,282,Unnumbered Archive / Intake,INTAKE; CANON PROMOTION REQUIRED,NO PRODUCTION ID — DO NOT ASSIGN,NOT VERIFIED — IMPORTED VALUES,UNVERIFIED; FORMS REQUIRE CONSENT / CANON REVIEW,PLACEHOLDER-LIKELY; HABITAT/ROLE REVIEW,,,301,75.25,19,LOW,,87,77,68,69,0,NO NUMERIC CHANGE PROPOSED
Googley Eyes,,RENAME REQUIRED,Zoa,Aura,81,54,50,83,mid-tier omnivore,Great Plains,Uncommon,ESTIMATED,546,Unnumbered Archive / Intake,INTAKE; RENAME REVIEW,NO PRODUCTION ID — DO NOT ASSIGN,NOT VERIFIED — IMPORTED VALUES,UNVERIFIED; FORMS REQUIRE CONSENT / CANON REVIEW,PLACEHOLDER-LIKELY; HABITAT/ROLE REVIEW,,,268,67.0,33,HIGH,RENAME/ORIGINALITY REVIEW,81,54,50,83,0,NO NUMERIC CHANGE PROPOSED
Gore-Hound,,PENDING REVIEW,Zoa,Shade,76,83,62,54,mid-tier omnivore,Great Plains,Uncommon,ESTIMATED,134,Unnumbered Archive / Intake,INTAKE; CANON PROMOTION REQUIRED,NO PRODUCTION ID — DO NOT ASSIGN,NOT VERIFIED — IMPORTED VALUES,UNVERIFIED; FORMS REQUIRE CONSENT / CANON REVIEW,PLACEHOLDER-LIKELY; HABITAT/ROLE REVIEW,,,275,68.75,29,LOW,,76,83,62,54,0,NO NUMERIC CHANGE PROPOSED
Gourdfang,,PENDING REVIEW,Zoa,Aura,63,56,55,61,apex predator,Great Plains,Uncommon,ESTIMATED,283,Unnumbered Archive / Intake,INTAKE; CANON PROMOTION REQUIRED,NO PRODUCTION ID — DO NOT ASSIGN,NOT VERIFIED — IMPORTED VALUES,UNVERIFIED; FORMS REQUIRE CONSENT / CANON REVIEW,PLACEHOLDER-LIKELY; HABITAT/ROLE REVIEW,,,235,58.75,8,LOW,,63,56,55,61,0,NO NUMERIC CHANGE PROPOSED
Gracewing,,PENDING REVIEW,Zoa,Aero,88,63,76,70,mid-tier omnivore,Great Plains,Uncommon,ESTIMATED,162,Unnumbered Archive / Intake,INTAKE; CANON PROMOTION REQUIRED,NO PRODUCTION ID — DO NOT ASSIGN,NOT VERIFIED — IMPORTED VALUES,UNVERIFIED; FORMS REQUIRE CONSENT / CANON REVIEW,PLACEHOLDER-LIKELY; HABITAT/ROLE REVIEW,,,297,74.25,25,LOW,,88,63,76,70,0,NO NUMERIC CHANGE PROPOSED
Grave-Glutton,,PENDING REVIEW,Zoa,Shade,78,53,56,76,mid-tier omnivore,Great Plains,Uncommon,ESTIMATED,135,Unnumbered Archive / Intake,INTAKE; CANON PROMOTION REQUIRED,NO PRODUCTION ID — DO NOT ASSIGN,NOT VERIFIED — IMPORTED VALUES,UNVERIFIED; FORMS REQUIRE CONSENT / CANON REVIEW,PLACEHOLDER-LIKELY; HABITAT/ROLE REVIEW,,,263,65.75,25,LOW,,78,53,56,76,0,NO NUMERIC CHANGE PROPOSED
Greedyig,,PENDING REVIEW,Flora,Aura,67,67,95,60,primary producer / habitat anchor,Great Plains,Uncommon,ESTIMATED,307,Unnumbered Archive / Intake,INTAKE; CANON PROMOTION REQUIRED,NO PRODUCTION ID — DO NOT ASSIGN,NOT VERIFIED — IMPORTED VALUES,UNVERIFIED; FORMS REQUIRE CONSENT / CANON REVIEW,PLACEHOLDER-LIKELY; HABITAT/ROLE REVIEW,,,289,72.25,35,LOW,,67,67,95,60,0,NO NUMERIC CHANGE PROPOSED
Greenheart,,PENDING REVIEW,Zoa,Aura,63,76,97,71,mid-tier omnivore,Great Plains,Uncommon,ESTIMATED,290,Unnumbered Archive / Intake,INTAKE; CANON PROMOTION REQUIRED,NO PRODUCTION ID — DO NOT ASSIGN,NOT VERIFIED — IMPORTED VALUES,UNVERIFIED; FORMS REQUIRE CONSENT / CANON REVIEW,PLACEHOLDER-LIKELY; HABITAT/ROLE REVIEW,,,307,76.75,34,MEDIUM,HIGH STAT >=96: INTENT REVIEW,63,76,95,71,-2,DRAFT CAP SUGGESTION; NOT APPROVED
GRIM STONE,,PENDING REVIEW,Zoa,Terra,54,89,58,70,mid-tier omnivore,Great Plains,Uncommon,ESTIMATED,302,Unnumbered Archive / Intake,INTAKE; CANON PROMOTION REQUIRED,NO PRODUCTION ID — DO NOT ASSIGN,NOT VERIFIED — IMPORTED VALUES,UNVERIFIED; FORMS REQUIRE CONSENT / CANON REVIEW,PLACEHOLDER-LIKELY; HABITAT/ROLE REVIEW,,,271,67.75,35,LOW,,54,89,58,70,0,NO NUMERIC CHANGE PROPOSED
Grovantis,,PENDING REVIEW,Zoa,Aura,78,84,50,50,mid-tier omnivore,Great Plains,Uncommon,ESTIMATED,449,Unnumbered Archive / Intake,INTAKE; CANON PROMOTION REQUIRED,NO PRODUCTION ID — DO NOT ASSIGN,NOT VERIFIED — IMPORTED VALUES,UNVERIFIED; FORMS REQUIRE CONSENT / CANON REVIEW,PLACEHOLDER-LIKELY; HABITAT/ROLE REVIEW,,,262,65.5,34,LOW,,78,84,50,50,0,NO NUMERIC CHANGE PROPOSED
Grove-Beetle,,PENDING REVIEW,Flora,Flora,62,61,64,84,canopy pollinator,Echohearts Sanctuary wilds,Uncommon,ESTIMATED,365,Unnumbered Archive / Intake,INTAKE; CANON PROMOTION REQUIRED,NO PRODUCTION ID — DO NOT ASSIGN,NOT VERIFIED — IMPORTED VALUES,UNVERIFIED; FORMS REQUIRE CONSENT / CANON REVIEW,NOT VERIFIED — SOURCE SPECIFIC,,,271,67.75,23,LOW,,62,61,64,84,0,NO NUMERIC CHANGE PROPOSED
Hadalon,,PENDING REVIEW,Zoa,Aura,72,69,67,49,abyssal scavenger,Great Plains,Uncommon,ESTIMATED,446,Unnumbered Archive / Intake,INTAKE; CANON PROMOTION REQUIRED,NO PRODUCTION ID — DO NOT ASSIGN,NOT VERIFIED — IMPORTED VALUES,UNVERIFIED; FORMS REQUIRE CONSENT / CANON REVIEW,PLACEHOLDER-LIKELY; HABITAT/ROLE REVIEW,,,257,64.25,23,LOW,,72,69,67,49,0,NO NUMERIC CHANGE PROPOSED
Halo Nature,,PENDING REVIEW,Zoa,Aura,56,66,53,88,mid-tier omnivore,Great Plains,Uncommon,ESTIMATED,175,Unnumbered Archive / Intake,INTAKE; CANON PROMOTION REQUIRED,NO PRODUCTION ID — DO NOT ASSIGN,NOT VERIFIED — IMPORTED VALUES,UNVERIFIED; FORMS REQUIRE CONSENT / CANON REVIEW,PLACEHOLDER-LIKELY; HABITAT/ROLE REVIEW,,,263,65.75,35,LOW,,56,66,53,88,0,NO NUMERIC CHANGE PROPOSED
Haloheart,,PENDING REVIEW,Zoa,Aura,80,60,83,70,mid-tier omnivore,Great Plains,Uncommon,ESTIMATED,163,Unnumbered Archive / Intake,INTAKE; CANON PROMOTION REQUIRED,NO PRODUCTION ID — DO NOT ASSIGN,NOT VERIFIED — IMPORTED VALUES,UNVERIFIED; FORMS REQUIRE CONSENT / CANON REVIEW,PLACEHOLDER-LIKELY; HABITAT/ROLE REVIEW,,,293,73.25,23,LOW,,80,60,83,70,0,NO NUMERIC CHANGE PROPOSED
Hammerwake,DEX-099,PENDING REVIEW,Zoa,Aura,71,81,81,48,mid-tier omnivore,Great Plains,Uncommon,DEX-CONFIRMED,100,Protected Core 001–125,CORE SLOT; PENDING REVIEW,PROTECTED SLOT PRESENT; IDENTITY APPROVAL NOT INFERRED,NOT VERIFIED — IMPORTED VALUES,UNVERIFIED; FORMS REQUIRE CONSENT / CANON REVIEW,PLACEHOLDER-LIKELY; HABITAT/ROLE REVIEW,,,281,70.25,33,MEDIUM,CORE NAME/FORM PENDING,71,81,81,48,0,NO NUMERIC CHANGE PROPOSED
Handi-Mime,,PENDING REVIEW,Zoa,Aura,50,82,78,85,mid-tier omnivore,Great Plains,Uncommon,ESTIMATED,517,Unnumbered Archive / Intake,INTAKE; CANON PROMOTION REQUIRED,NO PRODUCTION ID — DO NOT ASSIGN,NOT VERIFIED — IMPORTED VALUES,UNVERIFIED; FORMS REQUIRE CONSENT / CANON REVIEW,PLACEHOLDER-LIKELY; HABITAT/ROLE REVIEW,,,295,73.75,35,LOW,,50,82,78,85,0,NO NUMERIC CHANGE PROPOSED
HANDIMoN,,PENDING REVIEW,Zoa,Aura,76,47,51,62,mid-tier omnivore,Great Plains,Uncommon,ESTIMATED,304,Unnumbered Archive / Intake,INTAKE; CANON PROMOTION REQUIRED,NO PRODUCTION ID — DO NOT ASSIGN,NOT VERIFIED — IMPORTED VALUES,UNVERIFIED; FORMS REQUIRE CONSENT / CANON REVIEW,PLACEHOLDER-LIKELY; HABITAT/ROLE REVIEW,,,236,59.0,29,LOW,,76,47,51,62,0,NO NUMERIC CHANGE PROPOSED
Harmoniel,,PENDING REVIEW,Zoa,Aura,49,74,53,67,mid-tier omnivore,Great Plains,Uncommon,ESTIMATED,164,Unnumbered Archive / Intake,INTAKE; CANON PROMOTION REQUIRED,NO PRODUCTION ID — DO NOT ASSIGN,NOT VERIFIED — IMPORTED VALUES,UNVERIFIED; FORMS REQUIRE CONSENT / CANON REVIEW,PLACEHOLDER-LIKELY; HABITAT/ROLE REVIEW,,,243,60.75,25,LOW,,49,74,53,67,0,NO NUMERIC CHANGE PROPOSED
Harvest Hare,,PENDING REVIEW,Zoa,Aura,55,54,84,51,mid-tier omnivore,Great Plains,Uncommon,ESTIMATED,284,Unnumbered Archive / Intake,INTAKE; CANON PROMOTION REQUIRED,NO PRODUCTION ID — DO NOT ASSIGN,NOT VERIFIED — IMPORTED VALUES,UNVERIFIED; FORMS REQUIRE CONSENT / CANON REVIEW,PLACEHOLDER-LIKELY; HABITAT/ROLE REVIEW,,,244,61.0,33,LOW,,55,54,84,51,0,NO NUMERIC CHANGE PROPOSED
Haunt-Wraith,,PENDING REVIEW,Zoa,Shade,58,62,45,77,mid-tier omnivore,Great Plains,Uncommon,ESTIMATED,136,Unnumbered Archive / Intake,INTAKE; CANON PROMOTION REQUIRED,NO PRODUCTION ID — DO NOT ASSIGN,NOT VERIFIED — IMPORTED VALUES,UNVERIFIED; FORMS REQUIRE CONSENT / CANON REVIEW,PLACEHOLDER-LIKELY; HABITAT/ROLE REVIEW,,,242,60.5,32,LOW,,58,62,45,77,0,NO NUMERIC CHANGE PROPOSED
Hayhopper,,PENDING REVIEW,Zoa,Aura,73,59,81,74,mid-tier omnivore,Great Plains,Uncommon,ESTIMATED,285,Unnumbered Archive / Intake,INTAKE; CANON PROMOTION REQUIRED,NO PRODUCTION ID — DO NOT ASSIGN,NOT VERIFIED — IMPORTED VALUES,UNVERIFIED; FORMS REQUIRE CONSENT / CANON REVIEW,PLACEHOLDER-LIKELY; HABITAT/ROLE REVIEW,,,287,71.75,22,LOW,,73,59,81,74,0,NO NUMERIC CHANGE PROPOSED
Heartwing,,PENDING REVIEW,Zoa,Aero,93,73,87,79,mid-tier omnivore,Great Plains,Uncommon,ESTIMATED,251,Unnumbered Archive / Intake,INTAKE; CANON PROMOTION REQUIRED,NO PRODUCTION ID — DO NOT ASSIGN,NOT VERIFIED — IMPORTED VALUES,UNVERIFIED; FORMS REQUIRE CONSENT / CANON REVIEW,PLACEHOLDER-LIKELY; HABITAT/ROLE REVIEW,,,332,83.0,20,LOW,,93,73,87,79,0,NO NUMERIC CHANGE PROPOSED
Heatwave,,PENDING REVIEW,Zoa,Aura,70,50,68,82,mid-tier omnivore,Great Plains,Uncommon,ESTIMATED,270,Unnumbered Archive / Intake,INTAKE; CANON PROMOTION REQUIRED,NO PRODUCTION ID — DO NOT ASSIGN,NOT VERIFIED — IMPORTED VALUES,UNVERIFIED; FORMS REQUIRE CONSENT / CANON REVIEW,PLACEHOLDER-LIKELY; HABITAT/ROLE REVIEW,,,270,67.5,32,LOW,,70,50,68,82,0,NO NUMERIC CHANGE PROPOSED
Heavencrest,,PENDING REVIEW,Zoa,Aura,62,57,85,53,mid-tier omnivore,Great Plains,Uncommon,ESTIMATED,165,Unnumbered Archive / Intake,INTAKE; CANON PROMOTION REQUIRED,NO PRODUCTION ID — DO NOT ASSIGN,NOT VERIFIED — IMPORTED VALUES,UNVERIFIED; FORMS REQUIRE CONSENT / CANON REVIEW,PLACEHOLDER-LIKELY; HABITAT/ROLE REVIEW,,,257,64.25,32,LOW,,62,57,85,53,0,NO NUMERIC CHANGE PROPOSED
Hippo,,PENDING REVIEW,Zoa,Aura,69,78,50,75,mid-tier omnivore,Great Plains,Uncommon,ESTIMATED,315,Unnumbered Archive / Intake,INTAKE; CANON PROMOTION REQUIRED,NO PRODUCTION ID — DO NOT ASSIGN,NOT VERIFIED — IMPORTED VALUES,UNVERIFIED; FORMS REQUIRE CONSENT / CANON REVIEW,PLACEHOLDER-LIKELY; HABITAT/ROLE REVIEW,,,272,68.0,28,LOW,,69,78,50,75,0,NO NUMERIC CHANGE PROPOSED
Hive Spark,DEX-040,PERMANENT DEX,Zoa,Flora,100,76,63,58,pack hunter,Great Plains,Rare,DEX-CONFIRMED,41,Protected Core 001–125,CORE SLOT; EXISTING PERMANENT LABEL,PROTECTED SLOT PRESENT; IDENTITY APPROVAL NOT INFERRED,NOT VERIFIED — IMPORTED VALUES,UNVERIFIED; FORMS REQUIRE CONSENT / CANON REVIEW,PLACEHOLDER-LIKELY; HABITAT/ROLE REVIEW,,,297,74.25,42,MEDIUM,HIGH STAT >=96: INTENT REVIEW,100,76,63,58,0,NO NUMERIC CHANGE PROPOSED
Hollow Host,,PENDING REVIEW,Zoa,Shade,56,68,53,43,mid-tier omnivore,Great Plains,Uncommon,ESTIMATED,149,Unnumbered Archive / Intake,INTAKE; CANON PROMOTION REQUIRED,NO PRODUCTION ID — DO NOT ASSIGN,NOT VERIFIED — IMPORTED VALUES,UNVERIFIED; FORMS REQUIRE CONSENT / CANON REVIEW,PLACEHOLDER-LIKELY; HABITAT/ROLE REVIEW,,,220,55.0,25,LOW,,56,68,53,43,0,NO NUMERIC CHANGE PROPOSED
Hollowborn,,PENDING REVIEW,Zoa,Shade,81,52,52,46,mid-tier omnivore,Great Plains,Uncommon,ESTIMATED,198,Unnumbered Archive / Intake,INTAKE; CANON PROMOTION REQUIRED,NO PRODUCTION ID — DO NOT ASSIGN,NOT VERIFIED — IMPORTED VALUES,UNVERIFIED; FORMS REQUIRE CONSENT / CANON REVIEW,PLACEHOLDER-LIKELY; HABITAT/ROLE REVIEW,,,231,57.75,35,LOW,,81,52,52,46,0,NO NUMERIC CHANGE PROPOSED
Hollowfang,,PENDING REVIEW,Zoa,Shade,64,71,52,17,apex predator,Great Plains,Uncommon,ESTIMATED,199,Unnumbered Archive / Intake,INTAKE; CANON PROMOTION REQUIRED,NO PRODUCTION ID — DO NOT ASSIGN,NOT VERIFIED — IMPORTED VALUES,UNVERIFIED; FORMS REQUIRE CONSENT / CANON REVIEW,PLACEHOLDER-LIKELY; HABITAT/ROLE REVIEW,,,204,51.0,54,MEDIUM,LOW PURITY <=25: STATE REVIEW; STAT SPREAD >=50: ROLE REVIEW,64,71,52,17,0,NO NUMERIC CHANGE PROPOSED
Hollowkin,,PENDING REVIEW,Zoa,Shade,75,59,48,15,mid-tier omnivore,Great Plains,Uncommon,ESTIMATED,150,Unnumbered Archive / Intake,INTAKE; CANON PROMOTION REQUIRED,NO PRODUCTION ID — DO NOT ASSIGN,NOT VERIFIED — IMPORTED VALUES,UNVERIFIED; FORMS REQUIRE CONSENT / CANON REVIEW,PLACEHOLDER-LIKELY; HABITAT/ROLE REVIEW,,,197,49.25,60,MEDIUM,LOW PURITY <=25: STATE REVIEW; STAT SPREAD >=50: ROLE REVIEW,75,59,48,15,0,NO NUMERIC CHANGE PROPOSED
Hollowshade,,PENDING REVIEW,Zoa,Shade,52,52,59,47,mid-tier omnivore,Great Plains,Uncommon,ESTIMATED,200,Unnumbered Archive / Intake,INTAKE; CANON PROMOTION REQUIRED,NO PRODUCTION ID — DO NOT ASSIGN,NOT VERIFIED — IMPORTED VALUES,UNVERIFIED; FORMS REQUIRE CONSENT / CANON REVIEW,PLACEHOLDER-LIKELY; HABITAT/ROLE REVIEW,,,210,52.5,12,LOW,,52,52,59,47,0,NO NUMERIC CHANGE PROPOSED
Hollyhorn,,PENDING REVIEW,Zoa,Terra,68,100,46,58,mid-tier omnivore,Great Plains,Uncommon,ESTIMATED,231,Unnumbered Archive / Intake,INTAKE; CANON PROMOTION REQUIRED,NO PRODUCTION ID — DO NOT ASSIGN,NOT VERIFIED — IMPORTED VALUES,UNVERIFIED; FORMS REQUIRE CONSENT / CANON REVIEW,PLACEHOLDER-LIKELY; HABITAT/ROLE REVIEW,,,272,68.0,54,MEDIUM,HIGH STAT >=96: INTENT REVIEW; STAT SPREAD >=50: ROLE REVIEW,68,95,46,58,-5,DRAFT CAP SUGGESTION; NOT APPROVED
Holy Eerie,,PENDING REVIEW,Zoa,Aura,80,61,56,55,mid-tier omnivore,Great Plains,Uncommon,ESTIMATED,176,Unnumbered Archive / Intake,INTAKE; CANON PROMOTION REQUIRED,NO PRODUCTION ID — DO NOT ASSIGN,NOT VERIFIED — IMPORTED VALUES,UNVERIFIED; FORMS REQUIRE CONSENT / CANON REVIEW,PLACEHOLDER-LIKELY; HABITAT/ROLE REVIEW,,,252,63.0,25,LOW,,80,61,56,55,0,NO NUMERIC CHANGE PROPOSED
Holy Floauwer,,PENDING REVIEW,Flora,Aura,81,70,62,48,primary producer / habitat anchor,Great Plains,Uncommon,ESTIMATED,177,Unnumbered Archive / Intake,INTAKE; CANON PROMOTION REQUIRED,NO PRODUCTION ID — DO NOT ASSIGN,NOT VERIFIED — IMPORTED VALUES,UNVERIFIED; FORMS REQUIRE CONSENT / CANON REVIEW,PLACEHOLDER-LIKELY; HABITAT/ROLE REVIEW,,,261,65.25,33,LOW,,81,70,62,48,0,NO NUMERIC CHANGE PROPOSED
Holy Leon,,PENDING REVIEW,Zoa,Aura,70,82,56,66,mid-tier omnivore,Great Plains,Uncommon,ESTIMATED,178,Unnumbered Archive / Intake,INTAKE; CANON PROMOTION REQUIRED,NO PRODUCTION ID — DO NOT ASSIGN,NOT VERIFIED — IMPORTED VALUES,UNVERIFIED; FORMS REQUIRE CONSENT / CANON REVIEW,PLACEHOLDER-LIKELY; HABITAT/ROLE REVIEW,,,274,68.5,26,LOW,,70,82,56,66,0,NO NUMERIC CHANGE PROPOSED
Holy Lioness,,PENDING REVIEW,Zoa,Aura,55,45,72,76,mid-tier omnivore,Great Plains,Uncommon,ESTIMATED,179,Unnumbered Archive / Intake,INTAKE; CANON PROMOTION REQUIRED,NO PRODUCTION ID — DO NOT ASSIGN,NOT VERIFIED — IMPORTED VALUES,UNVERIFIED; FORMS REQUIRE CONSENT / CANON REVIEW,PLACEHOLDER-LIKELY; HABITAT/ROLE REVIEW,,,248,62.0,31,LOW,,55,45,72,76,0,NO NUMERIC CHANGE PROPOSED
Holy Lunar,,PENDING REVIEW,Zoa,Aura,68,73,78,53,mid-tier omnivore,Great Plains,Uncommon,ESTIMATED,180,Unnumbered Archive / Intake,INTAKE; CANON PROMOTION REQUIRED,NO PRODUCTION ID — DO NOT ASSIGN,NOT VERIFIED — IMPORTED VALUES,UNVERIFIED; FORMS REQUIRE CONSENT / CANON REVIEW,PLACEHOLDER-LIKELY; HABITAT/ROLE REVIEW,,,272,68.0,25,LOW,,68,73,78,53,0,NO NUMERIC CHANGE PROPOSED
Holy Phoenix,,PENDING REVIEW,Zoa,Aura,74,82,53,64,mid-tier omnivore,Great Plains,Uncommon,ESTIMATED,181,Unnumbered Archive / Intake,INTAKE; CANON PROMOTION REQUIRED,NO PRODUCTION ID — DO NOT ASSIGN,NOT VERIFIED — IMPORTED VALUES,UNVERIFIED; FORMS REQUIRE CONSENT / CANON REVIEW,PLACEHOLDER-LIKELY; HABITAT/ROLE REVIEW,,,273,68.25,29,LOW,,74,82,53,64,0,NO NUMERIC CHANGE PROPOSED
Holy Raven,,PENDING REVIEW,Zoa,Aura,84,77,74,49,mid-tier omnivore,Great Plains,Uncommon,ESTIMATED,182,Unnumbered Archive / Intake,INTAKE; CANON PROMOTION REQUIRED,NO PRODUCTION ID — DO NOT ASSIGN,NOT VERIFIED — IMPORTED VALUES,UNVERIFIED; FORMS REQUIRE CONSENT / CANON REVIEW,PLACEHOLDER-LIKELY; HABITAT/ROLE REVIEW,,,284,71.0,35,LOW,,84,77,74,49,0,NO NUMERIC CHANGE PROPOSED
Holy Serpentine,,PENDING REVIEW,Zoa,Aura,72,72,56,54,mid-tier omnivore,Great Plains,Uncommon,ESTIMATED,183,Unnumbered Archive / Intake,INTAKE; CANON PROMOTION REQUIRED,NO PRODUCTION ID — DO NOT ASSIGN,NOT VERIFIED — IMPORTED VALUES,UNVERIFIED; FORMS REQUIRE CONSENT / CANON REVIEW,PLACEHOLDER-LIKELY; HABITAT/ROLE REVIEW,,,254,63.5,18,LOW,,72,72,56,54,0,NO NUMERIC CHANGE PROPOSED
Holy Sherlock Hound,,PENDING REVIEW,Zoa,Aura,58,70,47,56,mid-tier omnivore,Great Plains,Uncommon,ESTIMATED,184,Unnumbered Archive / Intake,INTAKE; CANON PROMOTION REQUIRED,NO PRODUCTION ID — DO NOT ASSIGN,NOT VERIFIED — IMPORTED VALUES,UNVERIFIED; FORMS REQUIRE CONSENT / CANON REVIEW,PLACEHOLDER-LIKELY; HABITAT/ROLE REVIEW,,,231,57.75,23,LOW,,58,70,47,56,0,NO NUMERIC CHANGE PROPOSED
Holy Skeleton,,PENDING REVIEW,Zoa,Aura,79,54,55,60,mid-tier omnivore,Great Plains,Uncommon,ESTIMATED,185,Unnumbered Archive / Intake,INTAKE; CANON PROMOTION REQUIRED,NO PRODUCTION ID — DO NOT ASSIGN,NOT VERIFIED — IMPORTED VALUES,UNVERIFIED; FORMS REQUIRE CONSENT / CANON REVIEW,PLACEHOLDER-LIKELY; HABITAT/ROLE REVIEW,,,248,62.0,25,LOW,,79,54,55,60,0,NO NUMERIC CHANGE PROPOSED
Holy Swan,,PENDING REVIEW,Zoa,Aura,56,64,83,58,mid-tier omnivore,Great Plains,Uncommon,ESTIMATED,186,Unnumbered Archive / Intake,INTAKE; CANON PROMOTION REQUIRED,NO PRODUCTION ID — DO NOT ASSIGN,NOT VERIFIED — IMPORTED VALUES,UNVERIFIED; FORMS REQUIRE CONSENT / CANON REVIEW,PLACEHOLDER-LIKELY; HABITAT/ROLE REVIEW,,,261,65.25,27,LOW,,56,64,83,58,0,NO NUMERIC CHANGE PROPOSED
Holy Treezing,,PENDING REVIEW,Flora,Aura,54,64,77,82,primary producer / habitat anchor,Great Plains,Uncommon,ESTIMATED,187,Unnumbered Archive / Intake,INTAKE; CANON PROMOTION REQUIRED,NO PRODUCTION ID — DO NOT ASSIGN,NOT VERIFIED — IMPORTED VALUES,UNVERIFIED; FORMS REQUIRE CONSENT / CANON REVIEW,PLACEHOLDER-LIKELY; HABITAT/ROLE REVIEW,,,277,69.25,28,LOW,,54,64,77,82,0,NO NUMERIC CHANGE PROPOSED
Holy Voltage,,PENDING REVIEW,Zoa,Voltic,52,78,52,82,mid-tier omnivore,Great Plains,Uncommon,ESTIMATED,188,Unnumbered Archive / Intake,INTAKE; CANON PROMOTION REQUIRED,NO PRODUCTION ID — DO NOT ASSIGN,NOT VERIFIED — IMPORTED VALUES,UNVERIFIED; FORMS REQUIRE CONSENT / CANON REVIEW,PLACEHOLDER-LIKELY; HABITAT/ROLE REVIEW,,,264,66.0,30,LOW,,52,78,52,82,0,NO NUMERIC CHANGE PROPOSED
Hounding,DEX-110,PENDING REVIEW,Zoa,Aura,75,54,73,85,mid-tier omnivore,Great Plains,Uncommon,DEX-CONFIRMED,111,Protected Core 001–125,CORE SLOT; PENDING REVIEW,PROTECTED SLOT PRESENT; IDENTITY APPROVAL NOT INFERRED,NOT VERIFIED — IMPORTED VALUES,UNVERIFIED; FORMS REQUIRE CONSENT / CANON REVIEW,PLACEHOLDER-LIKELY; HABITAT/ROLE REVIEW,,,287,71.75,31,MEDIUM,CORE NAME/FORM PENDING,75,54,73,85,0,NO NUMERIC CHANGE PROPOSED
Hushglass Warden,,PENDING REVIEW,Zoa,Aura,74,56,85,80,territorial guardian,Great Plains,Legendary,ESTIMATED,498,Unnumbered Archive / Intake,INTAKE; CANON PROMOTION REQUIRED,NO PRODUCTION ID — DO NOT ASSIGN,NOT VERIFIED — IMPORTED VALUES,UNVERIFIED; FORMS REQUIRE CONSENT / CANON REVIEW,PLACEHOLDER-LIKELY; HABITAT/ROLE REVIEW,,,295,73.75,29,LOW,,74,56,85,80,0,NO NUMERIC CHANGE PROPOSED
Hydra,,PENDING REVIEW,Zoa,Aura,62,100,65,60,mid-tier omnivore,Great Plains,Uncommon,ESTIMATED,492,Unnumbered Archive / Intake,INTAKE; CANON PROMOTION REQUIRED,NO PRODUCTION ID — DO NOT ASSIGN,NOT VERIFIED — IMPORTED VALUES,UNVERIFIED; FORMS REQUIRE CONSENT / CANON REVIEW,PLACEHOLDER-LIKELY; HABITAT/ROLE REVIEW,,,287,71.75,40,MEDIUM,HIGH STAT >=96: INTENT REVIEW,62,95,65,60,-5,DRAFT CAP SUGGESTION; NOT APPROVED
Hydro-Serpentis,,PENDING REVIEW,Zoa,Torrent,73,52,62,63,mid-tier omnivore,Rotting Maw wetlands,Uncommon,ESTIMATED,514,Unnumbered Archive / Intake,INTAKE; CANON PROMOTION REQUIRED,NO PRODUCTION ID — DO NOT ASSIGN,NOT VERIFIED — IMPORTED VALUES,UNVERIFIED; FORMS REQUIRE CONSENT / CANON REVIEW,PLACEHOLDER-LIKELY; HABITAT/ROLE REVIEW,,,250,62.5,21,LOW,,73,52,62,63,0,NO NUMERIC CHANGE PROPOSED
I Scream,,PENDING REVIEW,Zoa,Aura,53,46,58,76,mid-tier omnivore,Great Plains,Uncommon,ESTIMATED,312,Unnumbered Archive / Intake,INTAKE; CANON PROMOTION REQUIRED,NO PRODUCTION ID — DO NOT ASSIGN,NOT VERIFIED — IMPORTED VALUES,UNVERIFIED; FORMS REQUIRE CONSENT / CANON REVIEW,PLACEHOLDER-LIKELY; HABITAT/ROLE REVIEW,,,233,58.25,30,LOW,,53,46,58,76,0,NO NUMERIC CHANGE PROPOSED
Icicleaf,,PENDING REVIEW,Flora,Glaze,68,80,80,68,primary producer / habitat anchor,Steel Frost valleys,Uncommon,ESTIMATED,232,Unnumbered Archive / Intake,INTAKE; CANON PROMOTION REQUIRED,NO PRODUCTION ID — DO NOT ASSIGN,NOT VERIFIED — IMPORTED VALUES,UNVERIFIED; FORMS REQUIRE CONSENT / CANON REVIEW,NOT VERIFIED — SOURCE SPECIFIC,,,296,74.0,12,LOW,,68,80,80,68,0,NO NUMERIC CHANGE PROPOSED
Ignis-Weaver,,PENDING REVIEW,Zoa,Pyre,57,49,64,74,mid-tier omnivore,Boiling Abyss,Uncommon,ESTIMATED,468,Unnumbered Archive / Intake,INTAKE; CANON PROMOTION REQUIRED,NO PRODUCTION ID — DO NOT ASSIGN,NOT VERIFIED — IMPORTED VALUES,UNVERIFIED; FORMS REQUIRE CONSENT / CANON REVIEW,PLACEHOLDER-LIKELY; HABITAT/ROLE REVIEW,,,244,61.0,25,LOW,,57,49,64,74,0,NO NUMERIC CHANGE PROPOSED
Ignisaur,,PENDING REVIEW,Zoa,Pyre,73,62,70,77,mid-tier omnivore,Boiling Abyss,Uncommon,ESTIMATED,387,Unnumbered Archive / Intake,INTAKE; CANON PROMOTION REQUIRED,NO PRODUCTION ID — DO NOT ASSIGN,NOT VERIFIED — IMPORTED VALUES,UNVERIFIED; FORMS REQUIRE CONSENT / CANON REVIEW,PLACEHOLDER-LIKELY; HABITAT/ROLE REVIEW,,,282,70.5,15,LOW,,73,62,70,77,0,NO NUMERIC CHANGE PROPOSED
Ignisoul,,PENDING REVIEW,Zoa,Pyre,60,74,73,64,mid-tier omnivore,Boiling Abyss,Uncommon,ESTIMATED,374,Unnumbered Archive / Intake,INTAKE; CANON PROMOTION REQUIRED,NO PRODUCTION ID — DO NOT ASSIGN,NOT VERIFIED — IMPORTED VALUES,UNVERIFIED; FORMS REQUIRE CONSENT / CANON REVIEW,PLACEHOLDER-LIKELY; HABITAT/ROLE REVIEW,,,271,67.75,14,LOW,,60,74,73,64,0,NO NUMERIC CHANGE PROPOSED
Iron-Paladin,,PENDING REVIEW,Zoa,Aura,51,71,80,45,mid-tier omnivore,Great Plains,Uncommon,ESTIMATED,508,Unnumbered Archive / Intake,INTAKE; CANON PROMOTION REQUIRED,NO PRODUCTION ID — DO NOT ASSIGN,NOT VERIFIED — IMPORTED VALUES,UNVERIFIED; FORMS REQUIRE CONSENT / CANON REVIEW,PLACEHOLDER-LIKELY; HABITAT/ROLE REVIEW,,,247,61.75,35,LOW,,51,71,80,45,0,NO NUMERIC CHANGE PROPOSED
Iron-Spark,,PENDING REVIEW,Zoa,Voltic,100,84,71,59,mid-tier omnivore,Great Plains,Uncommon,ESTIMATED,363,Unnumbered Archive / Intake,INTAKE; CANON PROMOTION REQUIRED,NO PRODUCTION ID — DO NOT ASSIGN,NOT VERIFIED — IMPORTED VALUES,UNVERIFIED; FORMS REQUIRE CONSENT / CANON REVIEW,PLACEHOLDER-LIKELY; HABITAT/ROLE REVIEW,,,314,78.5,41,MEDIUM,HIGH STAT >=96: INTENT REVIEW,95,84,71,59,-5,DRAFT CAP SUGGESTION; NOT APPROVED
Jack-O-Gloom,,PENDING REVIEW,Zoa,Shade,75,66,64,41,mid-tier omnivore,Great Plains,Uncommon,ESTIMATED,151,Unnumbered Archive / Intake,INTAKE; CANON PROMOTION REQUIRED,NO PRODUCTION ID — DO NOT ASSIGN,NOT VERIFIED — IMPORTED VALUES,UNVERIFIED; FORMS REQUIRE CONSENT / CANON REVIEW,PLACEHOLDER-LIKELY; HABITAT/ROLE REVIEW,,,246,61.5,34,LOW,,75,66,64,41,0,NO NUMERIC CHANGE PROPOSED
JESTEROY,,PENDING REVIEW,Zoa,Aura,55,83,74,62,mid-tier omnivore,Great Plains,Uncommon,ESTIMATED,505,Unnumbered Archive / Intake,INTAKE; CANON PROMOTION REQUIRED,NO PRODUCTION ID — DO NOT ASSIGN,NOT VERIFIED — IMPORTED VALUES,UNVERIFIED; FORMS REQUIRE CONSENT / CANON REVIEW,PLACEHOLDER-LIKELY; HABITAT/ROLE REVIEW,,,274,68.5,28,LOW,,55,83,74,62,0,NO NUMERIC CHANGE PROPOSED
JUSTICA,,PENDING REVIEW,Zoa,Aura,49,64,62,70,mid-tier omnivore,Great Plains,Uncommon,ESTIMATED,463,Unnumbered Archive / Intake,INTAKE; CANON PROMOTION REQUIRED,NO PRODUCTION ID — DO NOT ASSIGN,NOT VERIFIED — IMPORTED VALUES,UNVERIFIED; FORMS REQUIRE CONSENT / CANON REVIEW,PLACEHOLDER-LIKELY; HABITAT/ROLE REVIEW,,,245,61.25,21,LOW,,49,64,62,70,0,NO NUMERIC CHANGE PROPOSED
Kakaphonic,DEX-050,PENDING REVIEW,Zoa,Aura,66,46,84,69,mid-tier omnivore,Great Plains,Uncommon,DEX-CONFIRMED,51,Protected Core 001–125,CORE SLOT; PENDING REVIEW,PROTECTED SLOT PRESENT; IDENTITY APPROVAL NOT INFERRED,NOT VERIFIED — IMPORTED VALUES,UNVERIFIED; FORMS REQUIRE CONSENT / CANON REVIEW,PLACEHOLDER-LIKELY; HABITAT/ROLE REVIEW,,,265,66.25,38,MEDIUM,CORE NAME/FORM PENDING,66,46,84,69,0,NO NUMERIC CHANGE PROPOSED
Kakaphonic Nightchorus,DEX-051,PENDING REVIEW,Zoa,Shade,47,67,72,48,mid-tier omnivore,Great Plains,Uncommon,DEX-CONFIRMED,52,Protected Core 001–125,CORE SLOT; PENDING REVIEW,PROTECTED SLOT PRESENT; IDENTITY APPROVAL NOT INFERRED,NOT VERIFIED — IMPORTED VALUES,UNVERIFIED; FORMS REQUIRE CONSENT / CANON REVIEW,PLACEHOLDER-LIKELY; HABITAT/ROLE REVIEW,,Kakaphonic,234,58.5,25,MEDIUM,CORE NAME/FORM PENDING; POSSIBLE FORM / EVOLUTION RELATION,47,67,72,48,0,NO NUMERIC CHANGE PROPOSED
Kangzaroos,,PENDING REVIEW,Zoa,Aura,64,70,73,68,mid-tier omnivore,Great Plains,Uncommon,ESTIMATED,319,Unnumbered Archive / Intake,INTAKE; CANON PROMOTION REQUIRED,NO PRODUCTION ID — DO NOT ASSIGN,NOT VERIFIED — IMPORTED VALUES,UNVERIFIED; FORMS REQUIRE CONSENT / CANON REVIEW,PLACEHOLDER-LIKELY; HABITAT/ROLE REVIEW,,,275,68.75,9,LOW,,64,70,73,68,0,NO NUMERIC CHANGE PROPOSED
KENDO,,PENDING REVIEW,Zoa,Aura,76,76,60,71,mid-tier omnivore,Great Plains,Uncommon,ESTIMATED,301,Unnumbered Archive / Intake,INTAKE; CANON PROMOTION REQUIRED,NO PRODUCTION ID — DO NOT ASSIGN,NOT VERIFIED — IMPORTED VALUES,UNVERIFIED; FORMS REQUIRE CONSENT / CANON REVIEW,PLACEHOLDER-LIKELY; HABITAT/ROLE REVIEW,,,283,70.75,16,LOW,,76,76,60,71,0,NO NUMERIC CHANGE PROPOSED
Kharuvane,,PENDING REVIEW,Zoa,Aura,74,54,75,64,mid-tier omnivore,Great Plains,Uncommon,ESTIMATED,351,Unnumbered Archive / Intake,INTAKE; CANON PROMOTION REQUIRED,NO PRODUCTION ID — DO NOT ASSIGN,NOT VERIFIED — IMPORTED VALUES,UNVERIFIED; FORMS REQUIRE CONSENT / CANON REVIEW,PLACEHOLDER-LIKELY; HABITAT/ROLE REVIEW,,,267,66.75,21,LOW,,74,54,75,64,0,NO NUMERIC CHANGE PROPOSED
Kindred,,PENDING REVIEW,Zoa,Aura,49,71,78,66,mid-tier omnivore,Great Plains,Uncommon,ESTIMATED,252,Unnumbered Archive / Intake,INTAKE; CANON PROMOTION REQUIRED,NO PRODUCTION ID — DO NOT ASSIGN,NOT VERIFIED — IMPORTED VALUES,UNVERIFIED; FORMS REQUIRE CONSENT / CANON REVIEW,PLACEHOLDER-LIKELY; HABITAT/ROLE REVIEW,,,264,66.0,29,LOW,,49,71,78,66,0,NO NUMERIC CHANGE PROPOSED
King Corso,,PENDING REVIEW,Zoa,Aura,75,50,49,79,mid-tier omnivore,Great Plains,Uncommon,ESTIMATED,309,Unnumbered Archive / Intake,INTAKE; CANON PROMOTION REQUIRED,NO PRODUCTION ID — DO NOT ASSIGN,NOT VERIFIED — IMPORTED VALUES,UNVERIFIED; FORMS REQUIRE CONSENT / CANON REVIEW,PLACEHOLDER-LIKELY; HABITAT/ROLE REVIEW,,,253,63.25,30,LOW,,75,50,49,79,0,NO NUMERIC CHANGE PROPOSED
King Luthar,,MERGE-DUPLICATE,Zoa,Aura,72,71,68,80,mid-tier omnivore,Great Plains,Uncommon,ESTIMATED,548,Unnumbered Archive / Intake,ARCHIVE; DO NOT SHIP,NO PRODUCTION ID — DO NOT ASSIGN,NOT VERIFIED — IMPORTED VALUES,UNVERIFIED; FORMS REQUIRE CONSENT / CANON REVIEW,PLACEHOLDER-LIKELY; HABITAT/ROLE REVIEW,King Luther,,291,72.75,12,HIGH,ARCHIVAL MERGE TARGET REVIEW,72,71,68,80,0,NO NUMERIC CHANGE PROPOSED
King Luther,,MERGE-DUPLICATE,Zoa,Aura,51,70,55,67,mid-tier omnivore,Great Plains,Uncommon,ESTIMATED,310,Unnumbered Archive / Intake,ARCHIVE; DO NOT SHIP,NO PRODUCTION ID — DO NOT ASSIGN,NOT VERIFIED — IMPORTED VALUES,UNVERIFIED; FORMS REQUIRE CONSENT / CANON REVIEW,PLACEHOLDER-LIKELY; HABITAT/ROLE REVIEW,King Luthar (same historical naming cluster; preferred spelling unresolved),,243,60.75,19,HIGH,ARCHIVAL MERGE TARGET REVIEW,51,70,55,67,0,NO NUMERIC CHANGE PROPOSED
Kitty,,PENDING REVIEW,Zoa,Aura,51,53,85,62,mid-tier omnivore,Great Plains,Uncommon,ESTIMATED,341,Unnumbered Archive / Intake,INTAKE; CANON PROMOTION REQUIRED,NO PRODUCTION ID — DO NOT ASSIGN,NOT VERIFIED — IMPORTED VALUES,UNVERIFIED; FORMS REQUIRE CONSENT / CANON REVIEW,PLACEHOLDER-LIKELY; HABITAT/ROLE REVIEW,,,251,62.75,34,LOW,,51,53,85,62,0,NO NUMERIC CHANGE PROPOSED
Korravault,DEX-068,PERMANENT DEX,Zoa,Aura,78,80,53,58,mid-tier omnivore,Great Plains,Rare,DEX-CONFIRMED,69,Protected Core 001–125,CORE SLOT; EXISTING PERMANENT LABEL,PROTECTED SLOT PRESENT; IDENTITY APPROVAL NOT INFERRED,NOT VERIFIED — IMPORTED VALUES,UNVERIFIED; FORMS REQUIRE CONSENT / CANON REVIEW,PLACEHOLDER-LIKELY; HABITAT/ROLE REVIEW,,,269,67.25,27,LOW,,78,80,53,58,0,NO NUMERIC CHANGE PROPOSED
Kraken,,PENDING REVIEW,Zoa,Aura,71,100,48,84,mid-tier omnivore,Great Plains,Alpha,ESTIMATED,493,Unnumbered Archive / Intake,INTAKE; CANON PROMOTION REQUIRED,NO PRODUCTION ID — DO NOT ASSIGN,NOT VERIFIED — IMPORTED VALUES,UNVERIFIED; FORMS REQUIRE CONSENT / CANON REVIEW,PLACEHOLDER-LIKELY; HABITAT/ROLE REVIEW,,,303,75.75,52,MEDIUM,HIGH STAT >=96: INTENT REVIEW; STAT SPREAD >=50: ROLE REVIEW,71,100,48,84,0,NO NUMERIC CHANGE PROPOSED
Kryodon,,PENDING REVIEW,Zoa,Aura,48,79,84,48,mid-tier omnivore,Great Plains,Uncommon,ESTIMATED,448,Unnumbered Archive / Intake,INTAKE; CANON PROMOTION REQUIRED,NO PRODUCTION ID — DO NOT ASSIGN,NOT VERIFIED — IMPORTED VALUES,UNVERIFIED; FORMS REQUIRE CONSENT / CANON REVIEW,PLACEHOLDER-LIKELY; HABITAT/ROLE REVIEW,,,259,64.75,36,LOW,,48,79,84,48,0,NO NUMERIC CHANGE PROPOSED
Lagooner,,PENDING REVIEW,Zoa,Torrent,54,62,57,82,reef grazer,Azure Coastline,Uncommon,ESTIMATED,271,Unnumbered Archive / Intake,INTAKE; CANON PROMOTION REQUIRED,NO PRODUCTION ID — DO NOT ASSIGN,NOT VERIFIED — IMPORTED VALUES,UNVERIFIED; FORMS REQUIRE CONSENT / CANON REVIEW,NOT VERIFIED — SOURCE SPECIFIC,,,255,63.75,28,LOW,,54,62,57,82,0,NO NUMERIC CHANGE PROPOSED
Leon,DEX-013,PERMANENT DEX,Zoa,Aura,62,73,77,81,mid-tier omnivore,Great Plains,Rare,DEX-CONFIRMED,14,Protected Core 001–125,CORE SLOT; EXISTING PERMANENT LABEL,PROTECTED SLOT PRESENT; IDENTITY APPROVAL NOT INFERRED,NOT VERIFIED — IMPORTED VALUES,UNVERIFIED; FORMS REQUIRE CONSENT / CANON REVIEW,PLACEHOLDER-LIKELY; HABITAT/ROLE REVIEW,,,293,73.25,19,LOW,,62,73,77,81,0,NO NUMERIC CHANGE PROPOSED
Leonix,DEX-012,PERMANENT DEX,Zoa,Aura,61,83,51,65,mid-tier omnivore,Great Plains,Rare,DEX-CONFIRMED,13,Protected Core 001–125,CORE SLOT; EXISTING PERMANENT LABEL,PROTECTED SLOT PRESENT; IDENTITY APPROVAL NOT INFERRED,NOT VERIFIED — IMPORTED VALUES,UNVERIFIED; FORMS REQUIRE CONSENT / CANON REVIEW,PLACEHOLDER-LIKELY; HABITAT/ROLE REVIEW,,,260,65.0,32,LOW,,61,83,51,65,0,NO NUMERIC CHANGE PROPOSED
Leopaerd,,PENDING REVIEW,Zoa,Aura,62,56,69,65,mid-tier omnivore,Great Plains,Uncommon,ESTIMATED,338,Unnumbered Archive / Intake,INTAKE; CANON PROMOTION REQUIRED,NO PRODUCTION ID — DO NOT ASSIGN,NOT VERIFIED — IMPORTED VALUES,UNVERIFIED; FORMS REQUIRE CONSENT / CANON REVIEW,PLACEHOLDER-LIKELY; HABITAT/ROLE REVIEW,,,252,63.0,13,LOW,,62,56,69,65,0,NO NUMERIC CHANGE PROPOSED
Leviacrest,,PENDING REVIEW,Zoa,Aura,83,56,83,52,mid-tier omnivore,Great Plains,Uncommon,ESTIMATED,541,Unnumbered Archive / Intake,INTAKE; CANON PROMOTION REQUIRED,NO PRODUCTION ID — DO NOT ASSIGN,NOT VERIFIED — IMPORTED VALUES,UNVERIFIED; FORMS REQUIRE CONSENT / CANON REVIEW,PLACEHOLDER-LIKELY; HABITAT/ROLE REVIEW,,,274,68.5,31,LOW,,83,56,83,52,0,NO NUMERIC CHANGE PROPOSED
Leviakresl,,PENDING REVIEW,Zoa,Aura,84,64,72,62,mid-tier omnivore,Great Plains,Uncommon,ESTIMATED,540,Unnumbered Archive / Intake,INTAKE; CANON PROMOTION REQUIRED,NO PRODUCTION ID — DO NOT ASSIGN,NOT VERIFIED — IMPORTED VALUES,UNVERIFIED; FORMS REQUIRE CONSENT / CANON REVIEW,PLACEHOLDER-LIKELY; HABITAT/ROLE REVIEW,,,282,70.5,22,LOW,,84,64,72,62,0,NO NUMERIC CHANGE PROPOSED
Leviathan,,PENDING REVIEW,Zoa,Aura,75,70,73,75,mid-tier omnivore,Great Plains,Alpha,ESTIMATED,489,Unnumbered Archive / Intake,INTAKE; CANON PROMOTION REQUIRED,NO PRODUCTION ID — DO NOT ASSIGN,NOT VERIFIED — IMPORTED VALUES,UNVERIFIED; FORMS REQUIRE CONSENT / CANON REVIEW,PLACEHOLDER-LIKELY; HABITAT/ROLE REVIEW,,,293,73.25,5,LOW,,75,70,73,75,0,NO NUMERIC CHANGE PROPOSED
Lifebloom,,PENDING REVIEW,Flora,Flora,67,76,67,47,canopy pollinator,Great Plains,Uncommon,ESTIMATED,291,Unnumbered Archive / Intake,INTAKE; CANON PROMOTION REQUIRED,NO PRODUCTION ID — DO NOT ASSIGN,NOT VERIFIED — IMPORTED VALUES,UNVERIFIED; FORMS REQUIRE CONSENT / CANON REVIEW,PLACEHOLDER-LIKELY; HABITAT/ROLE REVIEW,,,257,64.25,29,LOW,,67,76,67,47,0,NO NUMERIC CHANGE PROPOSED
Likeness,DEX-015,PERMANENT DEX,Zoa,Shade,82,77,46,69,mid-tier omnivore,Great Plains,Rare,DEX-CONFIRMED,16,Protected Core 001–125,CORE SLOT; EXISTING PERMANENT LABEL,PROTECTED SLOT PRESENT; IDENTITY APPROVAL NOT INFERRED,NOT VERIFIED — IMPORTED VALUES,UNVERIFIED; FORMS REQUIRE CONSENT / CANON REVIEW,PLACEHOLDER-LIKELY; HABITAT/ROLE REVIEW,,,274,68.5,36,LOW,,82,77,46,69,0,NO NUMERIC CHANGE PROPOSED
Limulock,DEX-062,PENDING REVIEW,Zoa,Aura,72,77,84,79,mid-tier omnivore,Great Plains,Uncommon,DEX-CONFIRMED,63,Protected Core 001–125,CORE SLOT; PENDING REVIEW,PROTECTED SLOT PRESENT; IDENTITY APPROVAL NOT INFERRED,NOT VERIFIED — IMPORTED VALUES,UNVERIFIED; FORMS REQUIRE CONSENT / CANON REVIEW,PLACEHOLDER-LIKELY; HABITAT/ROLE REVIEW,,,312,78.0,12,MEDIUM,CORE NAME/FORM PENDING,72,77,84,79,0,NO NUMERIC CHANGE PROPOSED
Limulock Shorewarden,DEX-063,PENDING REVIEW,Zoa,Aura,56,49,95,64,territorial guardian,Great Plains,Uncommon,DEX-CONFIRMED,64,Protected Core 001–125,CORE SLOT; PENDING REVIEW,PROTECTED SLOT PRESENT; IDENTITY APPROVAL NOT INFERRED,NOT VERIFIED — IMPORTED VALUES,UNVERIFIED; FORMS REQUIRE CONSENT / CANON REVIEW,PLACEHOLDER-LIKELY; HABITAT/ROLE REVIEW,,Limulock,264,66.0,46,MEDIUM,CORE NAME/FORM PENDING; POSSIBLE FORM / EVOLUTION RELATION,56,49,95,64,0,NO NUMERIC CHANGE PROPOSED
Lioness,DEX-014,PERMANENT DEX,Zoa,Aura,70,60,67,53,mid-tier omnivore,Great Plains,Rare,DEX-CONFIRMED,15,Protected Core 001–125,CORE SLOT; EXISTING PERMANENT LABEL,PROTECTED SLOT PRESENT; IDENTITY APPROVAL NOT INFERRED,NOT VERIFIED — IMPORTED VALUES,UNVERIFIED; FORMS REQUIRE CONSENT / CANON REVIEW,PLACEHOLDER-LIKELY; HABITAT/ROLE REVIEW,,,250,62.5,17,LOW,,70,60,67,53,0,NO NUMERIC CHANGE PROPOSED
Lovebird,,PENDING REVIEW,Zoa,Aura,83,68,83,50,mid-tier omnivore,Great Plains,Uncommon,ESTIMATED,253,Unnumbered Archive / Intake,INTAKE; CANON PROMOTION REQUIRED,NO PRODUCTION ID — DO NOT ASSIGN,NOT VERIFIED — IMPORTED VALUES,UNVERIFIED; FORMS REQUIRE CONSENT / CANON REVIEW,PLACEHOLDER-LIKELY; HABITAT/ROLE REVIEW,,,284,71.0,33,LOW,,83,68,83,50,0,NO NUMERIC CHANGE PROPOSED
Loyalkin,DEX-121,PENDING REVIEW,Zoa,Aura,51,48,63,79,mid-tier omnivore,Great Plains,Uncommon,DEX-CONFIRMED,122,Protected Core 001–125,CORE SLOT; PENDING REVIEW,PROTECTED SLOT PRESENT; IDENTITY APPROVAL NOT INFERRED,NOT VERIFIED — IMPORTED VALUES,UNVERIFIED; FORMS REQUIRE CONSENT / CANON REVIEW,PLACEHOLDER-LIKELY; HABITAT/ROLE REVIEW,,,241,60.25,31,MEDIUM,CORE NAME/FORM PENDING,51,48,63,79,0,NO NUMERIC CHANGE PROPOSED
Lumi,DEX-011,PERMANENT DEX,Zoa,Aura,61,68,63,74,mid-tier omnivore,Great Plains,Rare,DEX-CONFIRMED,12,Protected Core 001–125,CORE SLOT; EXISTING PERMANENT LABEL,PROTECTED SLOT PRESENT; IDENTITY APPROVAL NOT INFERRED,NOT VERIFIED — IMPORTED VALUES,UNVERIFIED; FORMS REQUIRE CONSENT / CANON REVIEW,PLACEHOLDER-LIKELY; HABITAT/ROLE REVIEW,,,266,66.5,13,LOW,,61,68,63,74,0,NO NUMERIC CHANGE PROPOSED
Luminae,DEX-123,PENDING REVIEW,Zoa,Aura,83,57,49,76,mid-tier omnivore,Great Plains,Uncommon,DEX-CONFIRMED,124,Protected Core 001–125,CORE SLOT; PENDING REVIEW,PROTECTED SLOT PRESENT; IDENTITY APPROVAL NOT INFERRED,NOT VERIFIED — IMPORTED VALUES,UNVERIFIED; FORMS REQUIRE CONSENT / CANON REVIEW,PLACEHOLDER-LIKELY; HABITAT/ROLE REVIEW,,,265,66.25,34,MEDIUM,CORE NAME/FORM PENDING,83,57,49,76,0,NO NUMERIC CHANGE PROPOSED
Luminaura,,PENDING REVIEW,Zoa,Aura,60,63,74,63,mid-tier omnivore,Great Plains,Uncommon,ESTIMATED,166,Unnumbered Archive / Intake,INTAKE; CANON PROMOTION REQUIRED,NO PRODUCTION ID — DO NOT ASSIGN,NOT VERIFIED — IMPORTED VALUES,UNVERIFIED; FORMS REQUIRE CONSENT / CANON REVIEW,PLACEHOLDER-LIKELY; HABITAT/ROLE REVIEW,,,260,65.0,14,LOW,,60,63,74,63,0,NO NUMERIC CHANGE PROPOSED
Lumineth,,PENDING REVIEW,Zoa,Aura,58,73,65,68,mid-tier omnivore,Great Plains,Uncommon,ESTIMATED,347,Unnumbered Archive / Intake,INTAKE; CANON PROMOTION REQUIRED,NO PRODUCTION ID — DO NOT ASSIGN,NOT VERIFIED — IMPORTED VALUES,UNVERIFIED; FORMS REQUIRE CONSENT / CANON REVIEW,PLACEHOLDER-LIKELY; HABITAT/ROLE REVIEW,,,264,66.0,15,LOW,,58,73,65,68,0,NO NUMERIC CHANGE PROPOSED
LUMINEX,,PENDING REVIEW,Zoa,Aura,48,51,45,57,mid-tier omnivore,Great Plains,Uncommon,ESTIMATED,461,Unnumbered Archive / Intake,INTAKE; CANON PROMOTION REQUIRED,NO PRODUCTION ID — DO NOT ASSIGN,NOT VERIFIED — IMPORTED VALUES,UNVERIFIED; FORMS REQUIRE CONSENT / CANON REVIEW,PLACEHOLDER-LIKELY; HABITAT/ROLE REVIEW,,,201,50.25,12,LOW,,48,51,45,57,0,NO NUMERIC CHANGE PROPOSED
Lumipup,,PENDING REVIEW,Zoa,Aura,72,45,84,56,mid-tier omnivore,Great Plains,Uncommon,ESTIMATED,444,Unnumbered Archive / Intake,INTAKE; CANON PROMOTION REQUIRED,NO PRODUCTION ID — DO NOT ASSIGN,NOT VERIFIED — IMPORTED VALUES,UNVERIFIED; FORMS REQUIRE CONSENT / CANON REVIEW,PLACEHOLDER-LIKELY; HABITAT/ROLE REVIEW,,,257,64.25,39,LOW,,72,45,84,56,0,NO NUMERIC CHANGE PROPOSED
Luna Moth,DEX-017,PERMANENT DEX,Zoa,Flora,48,76,84,48,canopy pollinator,Great Plains,Rare,DEX-CONFIRMED,18,Protected Core 001–125,CORE SLOT; EXISTING PERMANENT LABEL,PROTECTED SLOT PRESENT; IDENTITY APPROVAL NOT INFERRED,NOT VERIFIED — IMPORTED VALUES,UNVERIFIED; FORMS REQUIRE CONSENT / CANON REVIEW,PLACEHOLDER-LIKELY; HABITAT/ROLE REVIEW,,,256,64.0,36,LOW,,48,76,84,48,0,NO NUMERIC CHANGE PROPOSED
Lunafowl,,PENDING REVIEW,Zoa,Aura,69,72,66,81,mid-tier omnivore,Great Plains,Uncommon,ESTIMATED,481,Unnumbered Archive / Intake,INTAKE; CANON PROMOTION REQUIRED,NO PRODUCTION ID — DO NOT ASSIGN,NOT VERIFIED — IMPORTED VALUES,UNVERIFIED; FORMS REQUIRE CONSENT / CANON REVIEW,PLACEHOLDER-LIKELY; HABITAT/ROLE REVIEW,,,288,72.0,15,LOW,,69,72,66,81,0,NO NUMERIC CHANGE PROPOSED
Lunara,,PENDING REVIEW,Zoa,Aura,82,51,63,59,mid-tier omnivore,Great Plains,Uncommon,ESTIMATED,390,Unnumbered Archive / Intake,INTAKE; CANON PROMOTION REQUIRED,NO PRODUCTION ID — DO NOT ASSIGN,NOT VERIFIED — IMPORTED VALUES,UNVERIFIED; FORMS REQUIRE CONSENT / CANON REVIEW,PLACEHOLDER-LIKELY; HABITAT/ROLE REVIEW,,,255,63.75,31,LOW,,82,51,63,59,0,NO NUMERIC CHANGE PROPOSED
Lunawisp,,PENDING REVIEW,Zoa,Aura,99,73,66,51,mid-tier omnivore,Great Plains,Uncommon,ESTIMATED,399,Unnumbered Archive / Intake,INTAKE; CANON PROMOTION REQUIRED,NO PRODUCTION ID — DO NOT ASSIGN,NOT VERIFIED — IMPORTED VALUES,UNVERIFIED; FORMS REQUIRE CONSENT / CANON REVIEW,PLACEHOLDER-LIKELY; HABITAT/ROLE REVIEW,,,289,72.25,48,MEDIUM,HIGH STAT >=96: INTENT REVIEW,95,73,66,51,-4,DRAFT CAP SUGGESTION; NOT APPROVED
Maat,DEX-112,LEGACY-HISTORICAL,Zoa,Aura,46,76,69,45,mid-tier omnivore,Great Plains,Uncommon,DEX-CONFIRMED,113,Protected Core 001–125,CORE SLOT; HISTORICAL STATUS CONFLICT,PROTECTED SLOT PRESENT; IDENTITY APPROVAL NOT INFERRED,NOT VERIFIED — IMPORTED VALUES,UNVERIFIED; FORMS REQUIRE CONSENT / CANON REVIEW,PLACEHOLDER-LIKELY; HABITAT/ROLE REVIEW,,,236,59.0,31,HIGH,CORE-ID/HISTORICAL CONFLICT,46,76,69,45,0,NO NUMERIC CHANGE PROPOSED
Magma-Golemx,,PENDING REVIEW,Zoa,Pyre,91,100,60,53,mid-tier omnivore,Boiling Abyss,Alpha,ESTIMATED,510,Unnumbered Archive / Intake,INTAKE; CANON PROMOTION REQUIRED,NO PRODUCTION ID — DO NOT ASSIGN,NOT VERIFIED — IMPORTED VALUES,UNVERIFIED; FORMS REQUIRE CONSENT / CANON REVIEW,PLACEHOLDER-LIKELY; HABITAT/ROLE REVIEW,,,304,76.0,47,MEDIUM,HIGH STAT >=96: INTENT REVIEW,91,100,60,53,0,NO NUMERIC CHANGE PROPOSED
Magmaweld Golem,,PENDING REVIEW,Zoa,Pyre,80,93,79,66,apex predator,Boiling Abyss,Alpha,ESTIMATED,369,Unnumbered Archive / Intake,INTAKE; CANON PROMOTION REQUIRED,NO PRODUCTION ID — DO NOT ASSIGN,NOT VERIFIED — IMPORTED VALUES,UNVERIFIED; FORMS REQUIRE CONSENT / CANON REVIEW,NOT VERIFIED — SOURCE SPECIFIC,,,318,79.5,27,LOW,,80,93,79,66,0,NO NUMERIC CHANGE PROPOSED
Magmora Forgeback,,PENDING REVIEW,Zoa,Pyre,55,49,45,67,mid-tier omnivore,Boiling Abyss,Uncommon,ESTIMATED,525,Unnumbered Archive / Intake,INTAKE; CANON PROMOTION REQUIRED,NO PRODUCTION ID — DO NOT ASSIGN,NOT VERIFIED — IMPORTED VALUES,UNVERIFIED; FORMS REQUIRE CONSENT / CANON REVIEW,PLACEHOLDER-LIKELY; HABITAT/ROLE REVIEW,,,216,54.0,22,LOW,,55,49,45,67,0,NO NUMERIC CHANGE PROPOSED
Magnetar-Titan,,PENDING REVIEW,Zoa,Aura,75,85,73,63,apex predator,Great Plains,Alpha,ESTIMATED,511,Unnumbered Archive / Intake,INTAKE; CANON PROMOTION REQUIRED,NO PRODUCTION ID — DO NOT ASSIGN,NOT VERIFIED — IMPORTED VALUES,UNVERIFIED; FORMS REQUIRE CONSENT / CANON REVIEW,PLACEHOLDER-LIKELY; HABITAT/ROLE REVIEW,,,296,74.0,22,LOW,,75,85,73,63,0,NO NUMERIC CHANGE PROPOSED
Magnetarion Ward,,PENDING REVIEW,Zoa,Aura,76,49,61,45,mid-tier omnivore,Great Plains,Omega,ESTIMATED,362,Unnumbered Archive / Intake,INTAKE; CANON PROMOTION REQUIRED,NO PRODUCTION ID — DO NOT ASSIGN,NOT VERIFIED — IMPORTED VALUES,UNVERIFIED; FORMS REQUIRE CONSENT / CANON REVIEW,PLACEHOLDER-LIKELY; HABITAT/ROLE REVIEW,,,231,57.75,31,LOW,,76,49,61,45,0,NO NUMERIC CHANGE PROPOSED
Majestik,,PENDING REVIEW,Zoa,Aura,72,60,56,57,mid-tier omnivore,Great Plains,Uncommon,ESTIMATED,322,Unnumbered Archive / Intake,INTAKE; CANON PROMOTION REQUIRED,NO PRODUCTION ID — DO NOT ASSIGN,NOT VERIFIED — IMPORTED VALUES,UNVERIFIED; FORMS REQUIRE CONSENT / CANON REVIEW,PLACEHOLDER-LIKELY; HABITAT/ROLE REVIEW,,,245,61.25,16,LOW,,72,60,56,57,0,NO NUMERIC CHANGE PROPOSED
Malice-Hym,,PENDING REVIEW,Zoa,Glaze,68,78,56,60,mid-tier omnivore,Steel Frost valleys,Uncommon,ESTIMATED,137,Unnumbered Archive / Intake,INTAKE; CANON PROMOTION REQUIRED,NO PRODUCTION ID — DO NOT ASSIGN,NOT VERIFIED — IMPORTED VALUES,UNVERIFIED; FORMS REQUIRE CONSENT / CANON REVIEW,PLACEHOLDER-LIKELY; HABITAT/ROLE REVIEW,,,262,65.5,22,LOW,,68,78,56,60,0,NO NUMERIC CHANGE PROPOSED
Malon-X,DEX-030,PERMANENT DEX,Zoa,Aura,71,52,77,54,mid-tier omnivore,Great Plains,Rare,DEX-CONFIRMED,31,Protected Core 001–125,CORE SLOT; EXISTING PERMANENT LABEL,PROTECTED SLOT PRESENT; IDENTITY APPROVAL NOT INFERRED,NOT VERIFIED — IMPORTED VALUES,UNVERIFIED; FORMS REQUIRE CONSENT / CANON REVIEW,PLACEHOLDER-LIKELY; HABITAT/ROLE REVIEW,,,254,63.5,25,LOW,,71,52,77,54,0,NO NUMERIC CHANGE PROPOSED
Mandarion,DEX-010,PERMANENT DEX,Zoa,Aura,50,46,49,52,mid-tier omnivore,Great Plains,Rare,DEX-CONFIRMED,11,Protected Core 001–125,CORE SLOT; EXISTING PERMANENT LABEL,PROTECTED SLOT PRESENT; IDENTITY APPROVAL NOT INFERRED,NOT VERIFIED — IMPORTED VALUES,UNVERIFIED; FORMS REQUIRE CONSENT / CANON REVIEW,PLACEHOLDER-LIKELY; HABITAT/ROLE REVIEW,,,197,49.25,6,LOW,,50,46,49,52,0,NO NUMERIC CHANGE PROPOSED
Manticore,,PENDING REVIEW,Zoa,Aura,59,49,66,50,mid-tier omnivore,Great Plains,Uncommon,ESTIMATED,491,Unnumbered Archive / Intake,INTAKE; CANON PROMOTION REQUIRED,NO PRODUCTION ID — DO NOT ASSIGN,NOT VERIFIED — IMPORTED VALUES,UNVERIFIED; FORMS REQUIRE CONSENT / CANON REVIEW,PLACEHOLDER-LIKELY; HABITAT/ROLE REVIEW,,,224,56.0,17,LOW,,59,49,66,50,0,NO NUMERIC CHANGE PROPOSED
Maplewing,,PENDING REVIEW,Zoa,Aero,92,64,83,80,mid-tier omnivore,Great Plains,Uncommon,ESTIMATED,286,Unnumbered Archive / Intake,INTAKE; CANON PROMOTION REQUIRED,NO PRODUCTION ID — DO NOT ASSIGN,NOT VERIFIED — IMPORTED VALUES,UNVERIFIED; FORMS REQUIRE CONSENT / CANON REVIEW,PLACEHOLDER-LIKELY; HABITAT/ROLE REVIEW,,,319,79.75,28,LOW,,92,64,83,80,0,NO NUMERIC CHANGE PROPOSED
Marmara,DEX-028,PERMANENT DEX,Zoa,Aura,66,45,49,54,mid-tier omnivore,Great Plains,Rare,DEX-CONFIRMED,29,Protected Core 001–125,CORE SLOT; EXISTING PERMANENT LABEL,PROTECTED SLOT PRESENT; IDENTITY APPROVAL NOT INFERRED,NOT VERIFIED — IMPORTED VALUES,UNVERIFIED; FORMS REQUIRE CONSENT / CANON REVIEW,PLACEHOLDER-LIKELY; HABITAT/ROLE REVIEW,,,214,53.5,21,LOW,,66,45,49,54,0,NO NUMERIC CHANGE PROPOSED
Membrakit,DEX-055,PENDING REVIEW,Zoa,Aura,77,45,74,52,mid-tier omnivore,Great Plains,Uncommon,DEX-CONFIRMED,56,Protected Core 001–125,CORE SLOT; PENDING REVIEW,PROTECTED SLOT PRESENT; IDENTITY APPROVAL NOT INFERRED,NOT VERIFIED — IMPORTED VALUES,UNVERIFIED; FORMS REQUIRE CONSENT / CANON REVIEW,PLACEHOLDER-LIKELY; HABITAT/ROLE REVIEW,,,248,62.0,32,MEDIUM,CORE NAME/FORM PENDING,77,45,74,52,0,NO NUMERIC CHANGE PROPOSED
Meridian-Weep,,PENDING REVIEW,Zoa,Aura,70,69,65,83,mid-tier omnivore,Great Plains,Uncommon,ESTIMATED,138,Unnumbered Archive / Intake,INTAKE; CANON PROMOTION REQUIRED,NO PRODUCTION ID — DO NOT ASSIGN,NOT VERIFIED — IMPORTED VALUES,UNVERIFIED; FORMS REQUIRE CONSENT / CANON REVIEW,PLACEHOLDER-LIKELY; HABITAT/ROLE REVIEW,,,287,71.75,18,LOW,,70,69,65,83,0,NO NUMERIC CHANGE PROPOSED
Midnight Spark,,PENDING REVIEW,Zoa,Shade,89,79,81,68,mid-tier omnivore,Great Plains,Uncommon,ESTIMATED,244,Unnumbered Archive / Intake,INTAKE; CANON PROMOTION REQUIRED,NO PRODUCTION ID — DO NOT ASSIGN,NOT VERIFIED — IMPORTED VALUES,UNVERIFIED; FORMS REQUIRE CONSENT / CANON REVIEW,PLACEHOLDER-LIKELY; HABITAT/ROLE REVIEW,,,317,79.25,21,LOW,,89,79,81,68,0,NO NUMERIC CHANGE PROPOSED
Mime,,PENDING REVIEW,Zoa,Aura,81,51,61,81,mid-tier omnivore,Great Plains,Uncommon,ESTIMATED,395,Unnumbered Archive / Intake,INTAKE; CANON PROMOTION REQUIRED,NO PRODUCTION ID — DO NOT ASSIGN,NOT VERIFIED — IMPORTED VALUES,UNVERIFIED; FORMS REQUIRE CONSENT / CANON REVIEW,PLACEHOLDER-LIKELY; HABITAT/ROLE REVIEW,,,274,68.5,30,LOW,,81,51,61,81,0,NO NUMERIC CHANGE PROPOSED
Minnie Ripton,,PENDING REVIEW,Zoa,Aura,75,85,73,51,mid-tier omnivore,Great Plains,Uncommon,ESTIMATED,313,Unnumbered Archive / Intake,INTAKE; CANON PROMOTION REQUIRED,NO PRODUCTION ID — DO NOT ASSIGN,NOT VERIFIED — IMPORTED VALUES,UNVERIFIED; FORMS REQUIRE CONSENT / CANON REVIEW,PLACEHOLDER-LIKELY; HABITAT/ROLE REVIEW,,,284,71.0,34,LOW,,75,85,73,51,0,NO NUMERIC CHANGE PROPOSED
Mire-Stalker,,PENDING REVIEW,Flora,Aura,85,61,73,75,apex predator,Great Plains,Uncommon,ESTIMATED,457,Unnumbered Archive / Intake,INTAKE; CANON PROMOTION REQUIRED,NO PRODUCTION ID — DO NOT ASSIGN,NOT VERIFIED — IMPORTED VALUES,UNVERIFIED; FORMS REQUIRE CONSENT / CANON REVIEW,PLACEHOLDER-LIKELY; HABITAT/ROLE REVIEW,,,294,73.5,24,LOW,,85,61,73,75,0,NO NUMERIC CHANGE PROPOSED
Mirthleaf,,PENDING REVIEW,Flora,Flora,71,85,67,79,primary producer / habitat anchor,Great Plains,Uncommon,ESTIMATED,470,Unnumbered Archive / Intake,INTAKE; CANON PROMOTION REQUIRED,NO PRODUCTION ID — DO NOT ASSIGN,NOT VERIFIED — IMPORTED VALUES,UNVERIFIED; FORMS REQUIRE CONSENT / CANON REVIEW,PLACEHOLDER-LIKELY; HABITAT/ROLE REVIEW,,,302,75.5,18,LOW,,71,85,67,79,0,NO NUMERIC CHANGE PROPOSED
Misery Mime,,PENDING REVIEW,Zoa,Aura,72,53,73,78,mid-tier omnivore,Great Plains,Uncommon,ESTIMATED,396,Unnumbered Archive / Intake,INTAKE; CANON PROMOTION REQUIRED,NO PRODUCTION ID — DO NOT ASSIGN,NOT VERIFIED — IMPORTED VALUES,UNVERIFIED; FORMS REQUIRE CONSENT / CANON REVIEW,PLACEHOLDER-LIKELY; HABITAT/ROLE REVIEW,,,276,69.0,25,LOW,,72,53,73,78,0,NO NUMERIC CHANGE PROPOSED
Mistletoe,,PENDING REVIEW,Zoa,Torrent,46,70,52,71,mid-tier omnivore,Rotting Maw wetlands,Uncommon,ESTIMATED,233,Unnumbered Archive / Intake,INTAKE; CANON PROMOTION REQUIRED,NO PRODUCTION ID — DO NOT ASSIGN,NOT VERIFIED — IMPORTED VALUES,UNVERIFIED; FORMS REQUIRE CONSENT / CANON REVIEW,PLACEHOLDER-LIKELY; HABITAT/ROLE REVIEW,,,239,59.75,25,LOW,,46,70,52,71,0,NO NUMERIC CHANGE PROPOSED
Moon-Walker,DEX-016,PERMANENT DEX,Zoa,Aura,59,65,56,46,mid-tier omnivore,Great Plains,Rare,DEX-CONFIRMED,17,Protected Core 001–125,CORE SLOT; EXISTING PERMANENT LABEL,PROTECTED SLOT PRESENT; IDENTITY APPROVAL NOT INFERRED,NOT VERIFIED — IMPORTED VALUES,UNVERIFIED; FORMS REQUIRE CONSENT / CANON REVIEW,PLACEHOLDER-LIKELY; HABITAT/ROLE REVIEW,,,226,56.5,19,LOW,,59,65,56,46,0,NO NUMERIC CHANGE PROPOSED
Moonpuff,,PENDING REVIEW,Zoa,Aura,83,82,48,76,mid-tier omnivore,Great Plains,Uncommon,ESTIMATED,398,Unnumbered Archive / Intake,INTAKE; CANON PROMOTION REQUIRED,NO PRODUCTION ID — DO NOT ASSIGN,NOT VERIFIED — IMPORTED VALUES,UNVERIFIED; FORMS REQUIRE CONSENT / CANON REVIEW,PLACEHOLDER-LIKELY; HABITAT/ROLE REVIEW,,,289,72.25,35,LOW,,83,82,48,76,0,NO NUMERIC CHANGE PROPOSED
Morg-An,DEX-029,PERMANENT DEX,Zoa,Aura,66,78,74,84,mid-tier omnivore,Great Plains,Rare,DEX-CONFIRMED,30,Protected Core 001–125,CORE SLOT; EXISTING PERMANENT LABEL,PROTECTED SLOT PRESENT; IDENTITY APPROVAL NOT INFERRED,NOT VERIFIED — IMPORTED VALUES,UNVERIFIED; FORMS REQUIRE CONSENT / CANON REVIEW,PLACEHOLDER-LIKELY; HABITAT/ROLE REVIEW,,,302,75.5,18,LOW,,66,78,74,84,0,NO NUMERIC CHANGE PROPOSED
Morrowmire Colossus,,PENDING REVIEW,Zoa,Aura,67,100,82,47,apex predator,Great Plains,Legendary,ESTIMATED,494,Unnumbered Archive / Intake,INTAKE; CANON PROMOTION REQUIRED,NO PRODUCTION ID — DO NOT ASSIGN,NOT VERIFIED — IMPORTED VALUES,UNVERIFIED; FORMS REQUIRE CONSENT / CANON REVIEW,PLACEHOLDER-LIKELY; HABITAT/ROLE REVIEW,,,296,74.0,53,MEDIUM,HIGH STAT >=96: INTENT REVIEW; STAT SPREAD >=50: ROLE REVIEW,67,100,82,47,0,NO NUMERIC CHANGE PROPOSED
Mosschick,DEX-049,PENDING REVIEW,Flora,Flora,79,76,57,59,primary producer / habitat anchor,Great Plains,Uncommon,DEX-CONFIRMED,50,Protected Core 001–125,CORE SLOT; PENDING REVIEW,PROTECTED SLOT PRESENT; IDENTITY APPROVAL NOT INFERRED,NOT VERIFIED — IMPORTED VALUES,UNVERIFIED; FORMS REQUIRE CONSENT / CANON REVIEW,PLACEHOLDER-LIKELY; HABITAT/ROLE REVIEW,,,271,67.75,22,MEDIUM,CORE NAME/FORM PENDING,79,76,57,59,0,NO NUMERIC CHANGE PROPOSED
Mosskeeper,,PENDING REVIEW,Flora,Flora,50,71,100,68,primary producer / habitat anchor,Great Plains,Uncommon,ESTIMATED,292,Unnumbered Archive / Intake,INTAKE; CANON PROMOTION REQUIRED,NO PRODUCTION ID — DO NOT ASSIGN,NOT VERIFIED — IMPORTED VALUES,UNVERIFIED; FORMS REQUIRE CONSENT / CANON REVIEW,PLACEHOLDER-LIKELY; HABITAT/ROLE REVIEW,,,289,72.25,50,MEDIUM,HIGH STAT >=96: INTENT REVIEW; STAT SPREAD >=50: ROLE REVIEW,50,71,95,68,-5,DRAFT CAP SUGGESTION; NOT APPROVED
Mossmask,DEX-075,PENDING REVIEW,Flora,Flora,79,60,56,58,primary producer / habitat anchor,Great Plains,Uncommon,DEX-CONFIRMED,76,Protected Core 001–125,CORE SLOT; PENDING REVIEW,PROTECTED SLOT PRESENT; IDENTITY APPROVAL NOT INFERRED,NOT VERIFIED — IMPORTED VALUES,UNVERIFIED; FORMS REQUIRE CONSENT / CANON REVIEW,PLACEHOLDER-LIKELY; HABITAT/ROLE REVIEW,,,253,63.25,23,MEDIUM,CORE NAME/FORM PENDING,79,60,56,58,0,NO NUMERIC CHANGE PROPOSED
Mossmunch,,PENDING REVIEW,Flora,Flora,73,45,90,56,primary producer / habitat anchor,Great Plains,Uncommon,ESTIMATED,407,Unnumbered Archive / Intake,INTAKE; CANON PROMOTION REQUIRED,NO PRODUCTION ID — DO NOT ASSIGN,NOT VERIFIED — IMPORTED VALUES,UNVERIFIED; FORMS REQUIRE CONSENT / CANON REVIEW,PLACEHOLDER-LIKELY; HABITAT/ROLE REVIEW,,,264,66.0,45,LOW,,73,45,90,56,0,NO NUMERIC CHANGE PROPOSED
Mossprout,,PENDING REVIEW,Flora,Flora,71,84,91,56,primary producer / habitat anchor,Great Plains,Uncommon,ESTIMATED,406,Unnumbered Archive / Intake,INTAKE; CANON PROMOTION REQUIRED,NO PRODUCTION ID — DO NOT ASSIGN,NOT VERIFIED — IMPORTED VALUES,UNVERIFIED; FORMS REQUIRE CONSENT / CANON REVIEW,PLACEHOLDER-LIKELY; HABITAT/ROLE REVIEW,,,302,75.5,35,LOW,,71,84,91,56,0,NO NUMERIC CHANGE PROPOSED
Mottlit,DEX-084,PENDING REVIEW,Zoa,Aura,71,51,83,76,mid-tier omnivore,Great Plains,Uncommon,DEX-CONFIRMED,85,Protected Core 001–125,CORE SLOT; PENDING REVIEW,PROTECTED SLOT PRESENT; IDENTITY APPROVAL NOT INFERRED,NOT VERIFIED — IMPORTED VALUES,UNVERIFIED; FORMS REQUIRE CONSENT / CANON REVIEW,PLACEHOLDER-LIKELY; HABITAT/ROLE REVIEW,,,281,70.25,32,MEDIUM,CORE NAME/FORM PENDING,71,51,83,76,0,NO NUMERIC CHANGE PROPOSED
Moundseer,DEX-092,PENDING REVIEW,Zoa,Terra,58,89,58,79,mid-tier omnivore,Great Plains,Uncommon,DEX-CONFIRMED,93,Protected Core 001–125,CORE SLOT; PENDING REVIEW,PROTECTED SLOT PRESENT; IDENTITY APPROVAL NOT INFERRED,NOT VERIFIED — IMPORTED VALUES,UNVERIFIED; FORMS REQUIRE CONSENT / CANON REVIEW,PLACEHOLDER-LIKELY; HABITAT/ROLE REVIEW,,,284,71.0,31,MEDIUM,CORE NAME/FORM PENDING,58,89,58,79,0,NO NUMERIC CHANGE PROPOSED
Mousier,,PENDING REVIEW,Zoa,Aura,52,78,80,75,mid-tier omnivore,Great Plains,Uncommon,ESTIMATED,328,Unnumbered Archive / Intake,INTAKE; CANON PROMOTION REQUIRED,NO PRODUCTION ID — DO NOT ASSIGN,NOT VERIFIED — IMPORTED VALUES,UNVERIFIED; FORMS REQUIRE CONSENT / CANON REVIEW,PLACEHOLDER-LIKELY; HABITAT/ROLE REVIEW,,,285,71.25,28,LOW,,52,78,80,75,0,NO NUMERIC CHANGE PROPOSED
Muck-Stalker,,PENDING REVIEW,Flora,Aura,60,65,94,65,apex predator,Great Plains,Uncommon,ESTIMATED,139,Unnumbered Archive / Intake,INTAKE; CANON PROMOTION REQUIRED,NO PRODUCTION ID — DO NOT ASSIGN,NOT VERIFIED — IMPORTED VALUES,UNVERIFIED; FORMS REQUIRE CONSENT / CANON REVIEW,PLACEHOLDER-LIKELY; HABITAT/ROLE REVIEW,,,284,71.0,34,LOW,,60,65,94,65,0,NO NUMERIC CHANGE PROPOSED
Murmlet,DEX-081,PENDING REVIEW,Zoa,Aura,72,58,77,69,mid-tier omnivore,Great Plains,Uncommon,DEX-CONFIRMED,82,Protected Core 001–125,CORE SLOT; PENDING REVIEW,PROTECTED SLOT PRESENT; IDENTITY APPROVAL NOT INFERRED,NOT VERIFIED — IMPORTED VALUES,UNVERIFIED; FORMS REQUIRE CONSENT / CANON REVIEW,PLACEHOLDER-LIKELY; HABITAT/ROLE REVIEW,,,276,69.0,19,MEDIUM,CORE NAME/FORM PENDING,72,58,77,69,0,NO NUMERIC CHANGE PROPOSED
Mustang,,PENDING REVIEW,Zoa,Aura,78,57,79,60,mid-tier omnivore,Great Plains,Uncommon,ESTIMATED,323,Unnumbered Archive / Intake,INTAKE; CANON PROMOTION REQUIRED,NO PRODUCTION ID — DO NOT ASSIGN,NOT VERIFIED — IMPORTED VALUES,UNVERIFIED; FORMS REQUIRE CONSENT / CANON REVIEW,PLACEHOLDER-LIKELY; HABITAT/ROLE REVIEW,,,274,68.5,22,LOW,,78,57,79,60,0,NO NUMERIC CHANGE PROPOSED
Mycelith,DEX-114,PENDING REVIEW,Myko,Aura,77,68,52,50,decomposer network node,Great Plains,Uncommon,DEX-CONFIRMED,115,Protected Core 001–125,CORE SLOT; PENDING REVIEW,PROTECTED SLOT PRESENT; IDENTITY APPROVAL NOT INFERRED,NOT VERIFIED — IMPORTED VALUES,UNVERIFIED; FORMS REQUIRE CONSENT / CANON REVIEW,PLACEHOLDER-LIKELY; HABITAT/ROLE REVIEW,,,247,61.75,27,MEDIUM,CORE NAME/FORM PENDING,77,68,52,50,0,NO NUMERIC CHANGE PROPOSED
Nature,DEX-002,LOCKED CANON,Humanoid-Kin,Flora,79,56,50,70,mid-tier omnivore,Great Plains,Legendary,DEX-CONFIRMED,3,Protected Core 001–125,LOCKED CORE IDENTITY; STAT TUNING PENDING,PROTECTED SLOT PRESENT; IDENTITY APPROVAL NOT INFERRED,NOT VERIFIED — IMPORTED VALUES,CONDITIONAL MUTATIONS ONLY — Nature,PLACEHOLDER-LIKELY; HABITAT/ROLE REVIEW,,,255,63.75,29,MEDIUM,GUARDIAN: CONDITIONAL MUTATION POLICY,79,56,50,70,0,NO NUMERIC CHANGE PROPOSED
Nature Prime Guardian,,PENDING REVIEW,Zoa,Glaze,60,80,80,83,territorial guardian,Steel Frost valleys,Legendary,ESTIMATED,503,Unnumbered Archive / Intake,INTAKE; CANON PROMOTION REQUIRED,NO PRODUCTION ID — DO NOT ASSIGN,NOT VERIFIED — IMPORTED VALUES,UNVERIFIED; FORMS REQUIRE CONSENT / CANON REVIEW,NOT VERIFIED — SOURCE SPECIFIC,,Nature,303,75.75,23,MEDIUM,POSSIBLE FORM / EVOLUTION RELATION,60,80,80,83,0,NO NUMERIC CHANGE PROPOSED
Nebula,DEX-033,PERMANENT DEX,Zoa,Aura,51,56,47,51,mid-tier omnivore,Great Plains,Rare,DEX-CONFIRMED,34,Protected Core 001–125,CORE SLOT; EXISTING PERMANENT LABEL,PROTECTED SLOT PRESENT; IDENTITY APPROVAL NOT INFERRED,NOT VERIFIED — IMPORTED VALUES,UNVERIFIED; FORMS REQUIRE CONSENT / CANON REVIEW,PLACEHOLDER-LIKELY; HABITAT/ROLE REVIEW,,,205,51.25,9,LOW,,51,56,47,51,0,NO NUMERIC CHANGE PROPOSED
Nebulark,DEX-019,PERMANENT DEX,Zoa,Aura,82,52,73,49,mid-tier omnivore,Great Plains,Rare,DEX-CONFIRMED,20,Protected Core 001–125,CORE SLOT; EXISTING PERMANENT LABEL,PROTECTED SLOT PRESENT; IDENTITY APPROVAL NOT INFERRED,NOT VERIFIED — IMPORTED VALUES,UNVERIFIED; FORMS REQUIRE CONSENT / CANON REVIEW,PLACEHOLDER-LIKELY; HABITAT/ROLE REVIEW,,,256,64.0,33,LOW,,82,52,73,49,0,NO NUMERIC CHANGE PROPOSED
Nerekth,DEX-124,PENDING REVIEW,Zoa,Aura,76,52,58,67,mid-tier omnivore,Great Plains,Uncommon,DEX-CONFIRMED,125,Protected Core 001–125,CORE SLOT; PENDING REVIEW,PROTECTED SLOT PRESENT; IDENTITY APPROVAL NOT INFERRED,NOT VERIFIED — IMPORTED VALUES,UNVERIFIED; FORMS REQUIRE CONSENT / CANON REVIEW,PLACEHOLDER-LIKELY; HABITAT/ROLE REVIEW,,,253,63.25,24,MEDIUM,CORE NAME/FORM PENDING,76,52,58,67,0,NO NUMERIC CHANGE PROPOSED
New Dawn,,PENDING REVIEW,Zoa,Aura,55,60,63,77,mid-tier omnivore,Great Plains,Uncommon,ESTIMATED,245,Unnumbered Archive / Intake,INTAKE; CANON PROMOTION REQUIRED,NO PRODUCTION ID — DO NOT ASSIGN,NOT VERIFIED — IMPORTED VALUES,UNVERIFIED; FORMS REQUIRE CONSENT / CANON REVIEW,PLACEHOLDER-LIKELY; HABITAT/ROLE REVIEW,,,255,63.75,22,LOW,,55,60,63,77,0,NO NUMERIC CHANGE PROPOSED
Nexaris,DEX-122,PENDING REVIEW,Zoa,Aura,85,67,77,52,mid-tier omnivore,Great Plains,Uncommon,DEX-CONFIRMED,123,Protected Core 001–125,CORE SLOT; PENDING REVIEW,PROTECTED SLOT PRESENT; IDENTITY APPROVAL NOT INFERRED,NOT VERIFIED — IMPORTED VALUES,UNVERIFIED; FORMS REQUIRE CONSENT / CANON REVIEW,PLACEHOLDER-LIKELY; HABITAT/ROLE REVIEW,,,281,70.25,33,MEDIUM,CORE NAME/FORM PENDING,85,67,77,52,0,NO NUMERIC CHANGE PROPOSED
Night Angel,,PENDING REVIEW,Zoa,Shade,52,82,62,66,mid-tier omnivore,Great Plains,Uncommon,ESTIMATED,334,Unnumbered Archive / Intake,INTAKE; CANON PROMOTION REQUIRED,NO PRODUCTION ID — DO NOT ASSIGN,NOT VERIFIED — IMPORTED VALUES,UNVERIFIED; FORMS REQUIRE CONSENT / CANON REVIEW,PLACEHOLDER-LIKELY; HABITAT/ROLE REVIEW,,,262,65.5,30,LOW,,52,82,62,66,0,NO NUMERIC CHANGE PROPOSED
Nightveil,,PENDING REVIEW,Zoa,Shade,78,69,71,47,mid-tier omnivore,Great Plains,Uncommon,ESTIMATED,152,Unnumbered Archive / Intake,INTAKE; CANON PROMOTION REQUIRED,NO PRODUCTION ID — DO NOT ASSIGN,NOT VERIFIED — IMPORTED VALUES,UNVERIFIED; FORMS REQUIRE CONSENT / CANON REVIEW,PLACEHOLDER-LIKELY; HABITAT/ROLE REVIEW,,,265,66.25,31,LOW,,78,69,71,47,0,NO NUMERIC CHANGE PROPOSED
Normandy,DEX-103,PENDING REVIEW,Zoa,Aura,65,75,45,51,mid-tier omnivore,Great Plains,Uncommon,DEX-CONFIRMED,104,Protected Core 001–125,CORE SLOT; PENDING REVIEW,PROTECTED SLOT PRESENT; IDENTITY APPROVAL NOT INFERRED,NOT VERIFIED — IMPORTED VALUES,UNVERIFIED; FORMS REQUIRE CONSENT / CANON REVIEW,PLACEHOLDER-LIKELY; HABITAT/ROLE REVIEW,,,236,59.0,30,MEDIUM,CORE NAME/FORM PENDING,65,75,45,51,0,NO NUMERIC CHANGE PROPOSED
Northstar,,PENDING REVIEW,Zoa,Aura,80,66,80,66,mid-tier omnivore,Great Plains,Uncommon,ESTIMATED,234,Unnumbered Archive / Intake,INTAKE; CANON PROMOTION REQUIRED,NO PRODUCTION ID — DO NOT ASSIGN,NOT VERIFIED — IMPORTED VALUES,UNVERIFIED; FORMS REQUIRE CONSENT / CANON REVIEW,PLACEHOLDER-LIKELY; HABITAT/ROLE REVIEW,,,292,73.0,14,LOW,,80,66,80,66,0,NO NUMERIC CHANGE PROPOSED
Nova,DEX-032,PERMANENT DEX,Zoa,Aura,79,64,51,45,mid-tier omnivore,Great Plains,Rare,DEX-CONFIRMED,33,Protected Core 001–125,CORE SLOT; EXISTING PERMANENT LABEL,PROTECTED SLOT PRESENT; IDENTITY APPROVAL NOT INFERRED,NOT VERIFIED — IMPORTED VALUES,UNVERIFIED; FORMS REQUIRE CONSENT / CANON REVIEW,PLACEHOLDER-LIKELY; HABITAT/ROLE REVIEW,,,239,59.75,34,LOW,,79,64,51,45,0,NO NUMERIC CHANGE PROPOSED
Nova Star,,PENDING REVIEW,Zoa,Aura,52,78,49,80,mid-tier omnivore,Great Plains,Uncommon,ESTIMATED,555,Unnumbered Archive / Intake,INTAKE; CANON PROMOTION REQUIRED,NO PRODUCTION ID — DO NOT ASSIGN,NOT VERIFIED — IMPORTED VALUES,UNVERIFIED; FORMS REQUIRE CONSENT / CANON REVIEW,PLACEHOLDER-LIKELY; HABITAT/ROLE REVIEW,,Nova,259,64.75,31,MEDIUM,POSSIBLE FORM / EVOLUTION RELATION,52,78,49,80,0,NO NUMERIC CHANGE PROPOSED
Nullclaw,,PENDING REVIEW,Zoa,Shade,80,66,71,52,apex predator,Great Plains,Uncommon,ESTIMATED,201,Unnumbered Archive / Intake,INTAKE; CANON PROMOTION REQUIRED,NO PRODUCTION ID — DO NOT ASSIGN,NOT VERIFIED — IMPORTED VALUES,UNVERIFIED; FORMS REQUIRE CONSENT / CANON REVIEW,PLACEHOLDER-LIKELY; HABITAT/ROLE REVIEW,,,269,67.25,28,LOW,,80,66,71,52,0,NO NUMERIC CHANGE PROPOSED
Nullwing,,PENDING REVIEW,Zoa,Shade,82,52,64,46,mid-tier omnivore,Great Plains,Uncommon,ESTIMATED,202,Unnumbered Archive / Intake,INTAKE; CANON PROMOTION REQUIRED,NO PRODUCTION ID — DO NOT ASSIGN,NOT VERIFIED — IMPORTED VALUES,UNVERIFIED; FORMS REQUIRE CONSENT / CANON REVIEW,PLACEHOLDER-LIKELY; HABITAT/ROLE REVIEW,,,244,61.0,36,LOW,,82,52,64,46,0,NO NUMERIC CHANGE PROPOSED
Nulvora,DEX-119,PENDING REVIEW,Zoa,Aura,74,79,72,63,mid-tier omnivore,Great Plains,Uncommon,DEX-CONFIRMED,120,Protected Core 001–125,CORE SLOT; PENDING REVIEW,PROTECTED SLOT PRESENT; IDENTITY APPROVAL NOT INFERRED,NOT VERIFIED — IMPORTED VALUES,UNVERIFIED; FORMS REQUIRE CONSENT / CANON REVIEW,PLACEHOLDER-LIKELY; HABITAT/ROLE REVIEW,,,288,72.0,16,MEDIUM,CORE NAME/FORM PENDING,74,79,72,63,0,NO NUMERIC CHANGE PROPOSED
Nurture,DEX-003,PERMANENT DEX,Zoa,Flora,49,69,75,53,mid-tier omnivore,Great Plains,Rare,DEX-CONFIRMED,4,Protected Core 001–125,CORE SLOT; EXISTING PERMANENT LABEL,PROTECTED SLOT PRESENT; IDENTITY APPROVAL NOT INFERRED,NOT VERIFIED — IMPORTED VALUES,UNVERIFIED; FORMS REQUIRE CONSENT / CANON REVIEW,PLACEHOLDER-LIKELY; HABITAT/ROLE REVIEW,,,246,61.5,26,LOW,,49,69,75,53,0,NO NUMERIC CHANGE PROPOSED
Nuture,,MERGE-DUPLICATE,Zoa,Aura,76,51,76,49,mid-tier omnivore,Great Plains,Uncommon,ESTIMATED,554,Unnumbered Archive / Intake,ARCHIVE; DO NOT SHIP,NO PRODUCTION ID — DO NOT ASSIGN,NOT VERIFIED — IMPORTED VALUES,UNVERIFIED; FORMS REQUIRE CONSENT / CANON REVIEW,PLACEHOLDER-LIKELY; HABITAT/ROLE REVIEW,Nurture,,252,63.0,27,HIGH,ARCHIVAL MERGE TARGET REVIEW,76,51,76,49,0,NO NUMERIC CHANGE PROPOSED
Nyctalon,,PENDING REVIEW,Zoa,Aero,89,78,62,48,mid-tier omnivore,Great Plains,Uncommon,ESTIMATED,450,Unnumbered Archive / Intake,INTAKE; CANON PROMOTION REQUIRED,NO PRODUCTION ID — DO NOT ASSIGN,NOT VERIFIED — IMPORTED VALUES,UNVERIFIED; FORMS REQUIRE CONSENT / CANON REVIEW,PLACEHOLDER-LIKELY; HABITAT/ROLE REVIEW,,,277,69.25,41,LOW,,89,78,62,48,0,NO NUMERIC CHANGE PROPOSED
Olmnisense,DEX-082,PENDING REVIEW,Zoa,Aura,50,48,49,82,mid-tier omnivore,Great Plains,Uncommon,DEX-CONFIRMED,83,Protected Core 001–125,CORE SLOT; PENDING REVIEW,PROTECTED SLOT PRESENT; IDENTITY APPROVAL NOT INFERRED,NOT VERIFIED — IMPORTED VALUES,UNVERIFIED; FORMS REQUIRE CONSENT / CANON REVIEW,PLACEHOLDER-LIKELY; HABITAT/ROLE REVIEW,,,229,57.25,34,MEDIUM,CORE NAME/FORM PENDING,50,48,49,82,0,NO NUMERIC CHANGE PROPOSED
Olmnisense Deepwarden,DEX-083,PENDING REVIEW,Zoa,Aura,57,54,100,60,abyssal scavenger,subterranean warrens,Uncommon,DEX-CONFIRMED,84,Protected Core 001–125,CORE SLOT; PENDING REVIEW,PROTECTED SLOT PRESENT; IDENTITY APPROVAL NOT INFERRED,NOT VERIFIED — IMPORTED VALUES,UNVERIFIED; FORMS REQUIRE CONSENT / CANON REVIEW,NOT VERIFIED — SOURCE SPECIFIC,,Olmnisense,271,67.75,46,MEDIUM,CORE NAME/FORM PENDING; POSSIBLE FORM / EVOLUTION RELATION; HIGH STAT >=96: INTENT REVIEW,57,54,100,60,0,NO NUMERIC CHANGE PROPOSED
Orchardram,,PENDING REVIEW,Zoa,Pyre,78,73,70,75,mid-tier omnivore,Boiling Abyss,Uncommon,ESTIMATED,287,Unnumbered Archive / Intake,INTAKE; CANON PROMOTION REQUIRED,NO PRODUCTION ID — DO NOT ASSIGN,NOT VERIFIED — IMPORTED VALUES,UNVERIFIED; FORMS REQUIRE CONSENT / CANON REVIEW,PLACEHOLDER-LIKELY; HABITAT/ROLE REVIEW,,,296,74.0,8,LOW,,78,73,70,75,0,NO NUMERIC CHANGE PROPOSED
Origon-Null,,PENDING REVIEW,Zoa,Shade,65,65,85,58,mid-tier omnivore,Great Plains,Uncommon,ESTIMATED,500,Unnumbered Archive / Intake,INTAKE; CANON PROMOTION REQUIRED,NO PRODUCTION ID — DO NOT ASSIGN,NOT VERIFIED — IMPORTED VALUES,UNVERIFIED; FORMS REQUIRE CONSENT / CANON REVIEW,PLACEHOLDER-LIKELY; HABITAT/ROLE REVIEW,,,273,68.25,27,LOW,,65,65,85,58,0,NO NUMERIC CHANGE PROPOSED
Orokharn,,PENDING REVIEW,Zoa,Aura,61,82,66,70,mid-tier omnivore,Great Plains,Uncommon,ESTIMATED,352,Unnumbered Archive / Intake,INTAKE; CANON PROMOTION REQUIRED,NO PRODUCTION ID — DO NOT ASSIGN,NOT VERIFIED — IMPORTED VALUES,UNVERIFIED; FORMS REQUIRE CONSENT / CANON REVIEW,PLACEHOLDER-LIKELY; HABITAT/ROLE REVIEW,,,279,69.75,21,LOW,,61,82,66,70,0,NO NUMERIC CHANGE PROPOSED
Osiris,,LEGACY-HISTORICAL,Zoa,Aura,79,59,47,73,mid-tier omnivore,Great Plains,Uncommon,ESTIMATED,551,Unnumbered Archive / Intake,ARCHIVE; DO NOT SHIP,NO PRODUCTION ID — DO NOT ASSIGN,NOT VERIFIED — IMPORTED VALUES,UNVERIFIED; FORMS REQUIRE CONSENT / CANON REVIEW,PLACEHOLDER-LIKELY; HABITAT/ROLE REVIEW,,,258,64.5,32,MEDIUM,HISTORICAL: EXCLUDE FROM ACTIVE ROSTER,79,59,47,73,0,NO NUMERIC CHANGE PROPOSED
Palmshade,,PENDING REVIEW,Zoa,Shade,50,63,67,78,mid-tier omnivore,Great Plains,Uncommon,ESTIMATED,272,Unnumbered Archive / Intake,INTAKE; CANON PROMOTION REQUIRED,NO PRODUCTION ID — DO NOT ASSIGN,NOT VERIFIED — IMPORTED VALUES,UNVERIFIED; FORMS REQUIRE CONSENT / CANON REVIEW,PLACEHOLDER-LIKELY; HABITAT/ROLE REVIEW,,,258,64.5,28,LOW,,50,63,67,78,0,NO NUMERIC CHANGE PROPOSED
Panda Panda,,PENDING REVIEW,Zoa,Aura,56,65,48,47,mid-tier omnivore,Great Plains,Uncommon,ESTIMATED,318,Unnumbered Archive / Intake,INTAKE; CANON PROMOTION REQUIRED,NO PRODUCTION ID — DO NOT ASSIGN,NOT VERIFIED — IMPORTED VALUES,UNVERIFIED; FORMS REQUIRE CONSENT / CANON REVIEW,PLACEHOLDER-LIKELY; HABITAT/ROLE REVIEW,,,216,54.0,18,LOW,,56,65,48,47,0,NO NUMERIC CHANGE PROPOSED
Peacockochu,,PENDING REVIEW,Zoa,Aura,45,75,74,65,mid-tier omnivore,Great Plains,Uncommon,ESTIMATED,344,Unnumbered Archive / Intake,INTAKE; CANON PROMOTION REQUIRED,NO PRODUCTION ID — DO NOT ASSIGN,NOT VERIFIED — IMPORTED VALUES,UNVERIFIED; FORMS REQUIRE CONSENT / CANON REVIEW,PLACEHOLDER-LIKELY; HABITAT/ROLE REVIEW,,,259,64.75,30,LOW,,45,75,74,65,0,NO NUMERIC CHANGE PROPOSED
Peariguard,,PENDING REVIEW,Zoa,Aura,72,72,79,75,mid-tier omnivore,Great Plains,Uncommon,ESTIMATED,538,Unnumbered Archive / Intake,INTAKE; CANON PROMOTION REQUIRED,NO PRODUCTION ID — DO NOT ASSIGN,NOT VERIFIED — IMPORTED VALUES,UNVERIFIED; FORMS REQUIRE CONSENT / CANON REVIEW,PLACEHOLDER-LIKELY; HABITAT/ROLE REVIEW,,,298,74.5,7,LOW,,72,72,79,75,0,NO NUMERIC CHANGE PROPOSED
Pebblegill,DEX-052,PENDING REVIEW,Zoa,Torrent,60,45,48,55,mid-tier omnivore,Rotting Maw wetlands,Uncommon,DEX-CONFIRMED,53,Protected Core 001–125,CORE SLOT; PENDING REVIEW,PROTECTED SLOT PRESENT; IDENTITY APPROVAL NOT INFERRED,NOT VERIFIED — IMPORTED VALUES,UNVERIFIED; FORMS REQUIRE CONSENT / CANON REVIEW,PLACEHOLDER-LIKELY; HABITAT/ROLE REVIEW,,,208,52.0,15,MEDIUM,CORE NAME/FORM PENDING,60,45,48,55,0,NO NUMERIC CHANGE PROPOSED
Peepfloe,DEX-072,PENDING REVIEW,Zoa,Aura,61,53,81,66,mid-tier omnivore,Great Plains,Uncommon,DEX-CONFIRMED,73,Protected Core 001–125,CORE SLOT; PENDING REVIEW,PROTECTED SLOT PRESENT; IDENTITY APPROVAL NOT INFERRED,NOT VERIFIED — IMPORTED VALUES,UNVERIFIED; FORMS REQUIRE CONSENT / CANON REVIEW,PLACEHOLDER-LIKELY; HABITAT/ROLE REVIEW,,,261,65.25,28,MEDIUM,CORE NAME/FORM PENDING,61,53,81,66,0,NO NUMERIC CHANGE PROPOSED
Pelaglyph,DEX-088,PENDING REVIEW,Zoa,Torrent,81,47,71,55,mid-tier omnivore,Rotting Maw wetlands,Uncommon,DEX-CONFIRMED,89,Protected Core 001–125,CORE SLOT; PENDING REVIEW,PROTECTED SLOT PRESENT; IDENTITY APPROVAL NOT INFERRED,NOT VERIFIED — IMPORTED VALUES,UNVERIFIED; FORMS REQUIRE CONSENT / CANON REVIEW,PLACEHOLDER-LIKELY; HABITAT/ROLE REVIEW,,,254,63.5,34,MEDIUM,CORE NAME/FORM PENDING,81,47,71,55,0,NO NUMERIC CHANGE PROPOSED
Pelaglyph Tidevault,DEX-089,PENDING REVIEW,Zoa,Torrent,78,71,47,75,reef grazer,Azure Coastline,Uncommon,DEX-CONFIRMED,90,Protected Core 001–125,CORE SLOT; PENDING REVIEW,PROTECTED SLOT PRESENT; IDENTITY APPROVAL NOT INFERRED,NOT VERIFIED — IMPORTED VALUES,UNVERIFIED; FORMS REQUIRE CONSENT / CANON REVIEW,NOT VERIFIED — SOURCE SPECIFIC,,Pelaglyph,271,67.75,31,MEDIUM,CORE NAME/FORM PENDING; POSSIBLE FORM / EVOLUTION RELATION,78,71,47,75,0,NO NUMERIC CHANGE PROPOSED
Perchara,,PENDING REVIEW,Zoa,Pyre,79,58,70,80,mid-tier omnivore,Boiling Abyss,Uncommon,ESTIMATED,381,Unnumbered Archive / Intake,INTAKE; CANON PROMOTION REQUIRED,NO PRODUCTION ID — DO NOT ASSIGN,NOT VERIFIED — IMPORTED VALUES,UNVERIFIED; FORMS REQUIRE CONSENT / CANON REVIEW,PLACEHOLDER-LIKELY; HABITAT/ROLE REVIEW,,,287,71.75,22,LOW,,79,58,70,80,0,NO NUMERIC CHANGE PROPOSED
Perronix,,PENDING REVIEW,Zoa,Aura,52,71,84,73,mid-tier omnivore,Great Plains,Uncommon,ESTIMATED,539,Unnumbered Archive / Intake,INTAKE; CANON PROMOTION REQUIRED,NO PRODUCTION ID — DO NOT ASSIGN,NOT VERIFIED — IMPORTED VALUES,UNVERIFIED; FORMS REQUIRE CONSENT / CANON REVIEW,PLACEHOLDER-LIKELY; HABITAT/ROLE REVIEW,,,280,70.0,32,LOW,,52,71,84,73,0,NO NUMERIC CHANGE PROPOSED
Petalbun,,PENDING REVIEW,Flora,Flora,71,48,74,49,primary producer / habitat anchor,Great Plains,Uncommon,ESTIMATED,263,Unnumbered Archive / Intake,INTAKE; CANON PROMOTION REQUIRED,NO PRODUCTION ID — DO NOT ASSIGN,NOT VERIFIED — IMPORTED VALUES,UNVERIFIED; FORMS REQUIRE CONSENT / CANON REVIEW,PLACEHOLDER-LIKELY; HABITAT/ROLE REVIEW,,,242,60.5,26,LOW,,71,48,74,49,0,NO NUMERIC CHANGE PROPOSED
Pigcasso,,PENDING REVIEW,Zoa,Aura,83,67,52,65,mid-tier omnivore,Great Plains,Uncommon,ESTIMATED,305,Unnumbered Archive / Intake,INTAKE; CANON PROMOTION REQUIRED,NO PRODUCTION ID — DO NOT ASSIGN,NOT VERIFIED — IMPORTED VALUES,UNVERIFIED; FORMS REQUIRE CONSENT / CANON REVIEW,PLACEHOLDER-LIKELY; HABITAT/ROLE REVIEW,,,267,66.75,31,LOW,,83,67,52,65,0,NO NUMERIC CHANGE PROPOSED
Piglot,,PENDING REVIEW,Zoa,Aura,73,82,64,57,mid-tier omnivore,Great Plains,Uncommon,ESTIMATED,306,Unnumbered Archive / Intake,INTAKE; CANON PROMOTION REQUIRED,NO PRODUCTION ID — DO NOT ASSIGN,NOT VERIFIED — IMPORTED VALUES,UNVERIFIED; FORMS REQUIRE CONSENT / CANON REVIEW,PLACEHOLDER-LIKELY; HABITAT/ROLE REVIEW,,,276,69.0,25,LOW,,73,82,64,57,0,NO NUMERIC CHANGE PROPOSED
Pinguin,,PENDING REVIEW,Zoa,Aura,59,54,62,57,mid-tier omnivore,Great Plains,Uncommon,ESTIMATED,316,Unnumbered Archive / Intake,INTAKE; CANON PROMOTION REQUIRED,NO PRODUCTION ID — DO NOT ASSIGN,NOT VERIFIED — IMPORTED VALUES,UNVERIFIED; FORMS REQUIRE CONSENT / CANON REVIEW,PLACEHOLDER-LIKELY; HABITAT/ROLE REVIEW,,,232,58.0,8,LOW,,59,54,62,57,0,NO NUMERIC CHANGE PROPOSED
Pinkpulse,,PENDING REVIEW,Zoa,Aura,67,77,60,50,mid-tier omnivore,Great Plains,Uncommon,ESTIMATED,254,Unnumbered Archive / Intake,INTAKE; CANON PROMOTION REQUIRED,NO PRODUCTION ID — DO NOT ASSIGN,NOT VERIFIED — IMPORTED VALUES,UNVERIFIED; FORMS REQUIRE CONSENT / CANON REVIEW,PLACEHOLDER-LIKELY; HABITAT/ROLE REVIEW,,,254,63.5,27,LOW,,67,77,60,50,0,NO NUMERIC CHANGE PROPOSED
Pinky Bear,,PENDING REVIEW,Zoa,Aura,51,64,65,82,mid-tier omnivore,Great Plains,Uncommon,ESTIMATED,324,Unnumbered Archive / Intake,INTAKE; CANON PROMOTION REQUIRED,NO PRODUCTION ID — DO NOT ASSIGN,NOT VERIFIED — IMPORTED VALUES,UNVERIFIED; FORMS REQUIRE CONSENT / CANON REVIEW,PLACEHOLDER-LIKELY; HABITAT/ROLE REVIEW,,,262,65.5,31,LOW,,51,64,65,82,0,NO NUMERIC CHANGE PROPOSED
Piplin,DEX-001,PERMANENT DEX,Zoa,Flora,83,80,72,76,mid-tier omnivore,Great Plains,Rare,DEX-CONFIRMED,2,Protected Core 001–125,CORE SLOT; EXISTING PERMANENT LABEL,PROTECTED SLOT PRESENT; IDENTITY APPROVAL NOT INFERRED,NOT VERIFIED — IMPORTED VALUES,UNVERIFIED; FORMS REQUIRE CONSENT / CANON REVIEW,PLACEHOLDER-LIKELY; HABITAT/ROLE REVIEW,,,311,77.75,11,LOW,,83,80,72,76,0,NO NUMERIC CHANGE PROPOSED
Plainsman,,PENDING REVIEW,Zoa,Aura,62,52,62,56,mid-tier omnivore,Great Plains,Uncommon,ESTIMATED,432,Unnumbered Archive / Intake,INTAKE; CANON PROMOTION REQUIRED,NO PRODUCTION ID — DO NOT ASSIGN,NOT VERIFIED — IMPORTED VALUES,UNVERIFIED; FORMS REQUIRE CONSENT / CANON REVIEW,PLACEHOLDER-LIKELY; HABITAT/ROLE REVIEW,,,232,58.0,10,LOW,,62,52,62,56,0,NO NUMERIC CHANGE PROPOSED
Poison Ivy,,PENDING REVIEW,Zoa,Aura,65,57,66,80,mid-tier omnivore,Great Plains,Uncommon,ESTIMATED,299,Unnumbered Archive / Intake,INTAKE; CANON PROMOTION REQUIRED,NO PRODUCTION ID — DO NOT ASSIGN,NOT VERIFIED — IMPORTED VALUES,UNVERIFIED; FORMS REQUIRE CONSENT / CANON REVIEW,PLACEHOLDER-LIKELY; HABITAT/ROLE REVIEW,,,268,67.0,23,LOW,,65,57,66,80,0,NO NUMERIC CHANGE PROPOSED
Polarised,DEX-027,PERMANENT DEX,Zoa,Voltic,54,85,76,75,mid-tier omnivore,Steel Frost valleys,Rare,DEX-CONFIRMED,28,Protected Core 001–125,CORE SLOT; EXISTING PERMANENT LABEL,PROTECTED SLOT PRESENT; IDENTITY APPROVAL NOT INFERRED,NOT VERIFIED — IMPORTED VALUES,UNVERIFIED; FORMS REQUIRE CONSENT / CANON REVIEW,PLACEHOLDER-LIKELY; HABITAT/ROLE REVIEW,,,290,72.5,31,LOW,,54,85,76,75,0,NO NUMERIC CHANGE PROPOSED
Pollenwing,,PENDING REVIEW,Flora,Aero,97,65,80,52,canopy pollinator,Great Plains,Uncommon,ESTIMATED,264,Unnumbered Archive / Intake,INTAKE; CANON PROMOTION REQUIRED,NO PRODUCTION ID — DO NOT ASSIGN,NOT VERIFIED — IMPORTED VALUES,UNVERIFIED; FORMS REQUIRE CONSENT / CANON REVIEW,PLACEHOLDER-LIKELY; HABITAT/ROLE REVIEW,,,294,73.5,45,MEDIUM,HIGH STAT >=96: INTENT REVIEW,95,65,80,52,-2,DRAFT CAP SUGGESTION; NOT APPROVED
Poodle d.,,PENDING REVIEW,Zoa,Aura,62,45,58,85,mid-tier omnivore,Great Plains,Uncommon,ESTIMATED,332,Unnumbered Archive / Intake,INTAKE; CANON PROMOTION REQUIRED,NO PRODUCTION ID — DO NOT ASSIGN,NOT VERIFIED — IMPORTED VALUES,UNVERIFIED; FORMS REQUIRE CONSENT / CANON REVIEW,PLACEHOLDER-LIKELY; HABITAT/ROLE REVIEW,,,250,62.5,40,LOW,,62,45,58,85,0,NO NUMERIC CHANGE PROPOSED
Princeton,DEX-018,PERMANENT DEX,Zoa,Aura,50,46,54,53,mid-tier omnivore,Great Plains,Rare,DEX-CONFIRMED,19,Protected Core 001–125,CORE SLOT; EXISTING PERMANENT LABEL,PROTECTED SLOT PRESENT; IDENTITY APPROVAL NOT INFERRED,NOT VERIFIED — IMPORTED VALUES,UNVERIFIED; FORMS REQUIRE CONSENT / CANON REVIEW,PLACEHOLDER-LIKELY; HABITAT/ROLE REVIEW,,,203,50.75,8,LOW,,50,46,54,53,0,NO NUMERIC CHANGE PROPOSED
Prism-Fox,,PENDING REVIEW,Zoa,Aura,74,52,68,81,mid-tier omnivore,Great Plains,Uncommon,ESTIMATED,519,Unnumbered Archive / Intake,INTAKE; CANON PROMOTION REQUIRED,NO PRODUCTION ID — DO NOT ASSIGN,NOT VERIFIED — IMPORTED VALUES,UNVERIFIED; FORMS REQUIRE CONSENT / CANON REVIEW,PLACEHOLDER-LIKELY; HABITAT/ROLE REVIEW,,,275,68.75,29,LOW,,74,52,68,81,0,NO NUMERIC CHANGE PROPOSED
Prism-Path Kit,,PENDING REVIEW,Zoa,Aura,78,61,55,62,mid-tier omnivore,Great Plains,Uncommon,ESTIMATED,533,Unnumbered Archive / Intake,INTAKE; CANON PROMOTION REQUIRED,NO PRODUCTION ID — DO NOT ASSIGN,NOT VERIFIED — IMPORTED VALUES,UNVERIFIED; FORMS REQUIRE CONSENT / CANON REVIEW,PLACEHOLDER-LIKELY; HABITAT/ROLE REVIEW,,,256,64.0,23,LOW,,78,61,55,62,0,NO NUMERIC CHANGE PROPOSED
Pumpkinpaw,,PENDING REVIEW,Zoa,Aura,80,50,64,71,mid-tier omnivore,Great Plains,Uncommon,ESTIMATED,288,Unnumbered Archive / Intake,INTAKE; CANON PROMOTION REQUIRED,NO PRODUCTION ID — DO NOT ASSIGN,NOT VERIFIED — IMPORTED VALUES,UNVERIFIED; FORMS REQUIRE CONSENT / CANON REVIEW,PLACEHOLDER-LIKELY; HABITAT/ROLE REVIEW,,,265,66.25,30,LOW,,80,50,64,71,0,NO NUMERIC CHANGE PROPOSED
Pupular,DEX-035,PERMANENT DEX,Zoa,Aura,55,53,60,51,mid-tier omnivore,Great Plains,Rare,DEX-CONFIRMED,36,Protected Core 001–125,CORE SLOT; EXISTING PERMANENT LABEL,PROTECTED SLOT PRESENT; IDENTITY APPROVAL NOT INFERRED,NOT VERIFIED — IMPORTED VALUES,UNVERIFIED; FORMS REQUIRE CONSENT / CANON REVIEW,PLACEHOLDER-LIKELY; HABITAT/ROLE REVIEW,,,219,54.75,9,LOW,,55,53,60,51,0,NO NUMERIC CHANGE PROPOSED
Purelight,,PENDING REVIEW,Zoa,Aura,50,75,45,80,mid-tier omnivore,Great Plains,Uncommon,ESTIMATED,167,Unnumbered Archive / Intake,INTAKE; CANON PROMOTION REQUIRED,NO PRODUCTION ID — DO NOT ASSIGN,NOT VERIFIED — IMPORTED VALUES,UNVERIFIED; FORMS REQUIRE CONSENT / CANON REVIEW,PLACEHOLDER-LIKELY; HABITAT/ROLE REVIEW,,,250,62.5,35,LOW,,50,75,45,80,0,NO NUMERIC CHANGE PROPOSED
Pureterra,,PENDING REVIEW,Zoa,Terra,71,75,63,82,mid-tier omnivore,Great Plains,Uncommon,ESTIMATED,293,Unnumbered Archive / Intake,INTAKE; CANON PROMOTION REQUIRED,NO PRODUCTION ID — DO NOT ASSIGN,NOT VERIFIED — IMPORTED VALUES,UNVERIFIED; FORMS REQUIRE CONSENT / CANON REVIEW,PLACEHOLDER-LIKELY; HABITAT/ROLE REVIEW,,,291,72.75,19,LOW,,71,75,63,82,0,NO NUMERIC CHANGE PROPOSED
Pyrewyrm,,PENDING REVIEW,Zoa,Aura,65,72,65,67,mid-tier omnivore,Great Plains,Uncommon,ESTIMATED,447,Unnumbered Archive / Intake,INTAKE; CANON PROMOTION REQUIRED,NO PRODUCTION ID — DO NOT ASSIGN,NOT VERIFIED — IMPORTED VALUES,UNVERIFIED; FORMS REQUIRE CONSENT / CANON REVIEW,PLACEHOLDER-LIKELY; HABITAT/ROLE REVIEW,,,269,67.25,7,LOW,,65,72,65,67,0,NO NUMERIC CHANGE PROPOSED
Pyrixis,,PENDING REVIEW,Zoa,Aura,61,77,68,63,mid-tier omnivore,Great Plains,Uncommon,ESTIMATED,535,Unnumbered Archive / Intake,INTAKE; CANON PROMOTION REQUIRED,NO PRODUCTION ID — DO NOT ASSIGN,NOT VERIFIED — IMPORTED VALUES,UNVERIFIED; FORMS REQUIRE CONSENT / CANON REVIEW,PLACEHOLDER-LIKELY; HABITAT/ROLE REVIEW,,,269,67.25,16,LOW,,61,77,68,63,0,NO NUMERIC CHANGE PROPOSED
Pyrmet,,PENDING REVIEW,Zoa,Aura,53,64,50,56,mid-tier omnivore,Great Plains,Uncommon,ESTIMATED,386,Unnumbered Archive / Intake,INTAKE; CANON PROMOTION REQUIRED,NO PRODUCTION ID — DO NOT ASSIGN,NOT VERIFIED — IMPORTED VALUES,UNVERIFIED; FORMS REQUIRE CONSENT / CANON REVIEW,PLACEHOLDER-LIKELY; HABITAT/ROLE REVIEW,,,223,55.75,14,LOW,,53,64,50,56,0,NO NUMERIC CHANGE PROPOSED
Pyrrhon,,PENDING REVIEW,Zoa,Aura,85,64,75,50,mid-tier omnivore,Great Plains,Uncommon,ESTIMATED,477,Unnumbered Archive / Intake,INTAKE; CANON PROMOTION REQUIRED,NO PRODUCTION ID — DO NOT ASSIGN,NOT VERIFIED — IMPORTED VALUES,UNVERIFIED; FORMS REQUIRE CONSENT / CANON REVIEW,PLACEHOLDER-LIKELY; HABITAT/ROLE REVIEW,,,274,68.5,35,LOW,,85,64,75,50,0,NO NUMERIC CHANGE PROPOSED
Queen Corgi,,PENDING REVIEW,Zoa,Aura,81,73,52,79,mid-tier omnivore,Great Plains,Uncommon,ESTIMATED,308,Unnumbered Archive / Intake,INTAKE; CANON PROMOTION REQUIRED,NO PRODUCTION ID — DO NOT ASSIGN,NOT VERIFIED — IMPORTED VALUES,UNVERIFIED; FORMS REQUIRE CONSENT / CANON REVIEW,PLACEHOLDER-LIKELY; HABITAT/ROLE REVIEW,,,285,71.25,29,LOW,,81,73,52,79,0,NO NUMERIC CHANGE PROPOSED
Quetzari,,PENDING REVIEW,Zoa,Aura,73,64,66,60,mid-tier omnivore,Great Plains,Uncommon,ESTIMATED,486,Unnumbered Archive / Intake,INTAKE; CANON PROMOTION REQUIRED,NO PRODUCTION ID — DO NOT ASSIGN,NOT VERIFIED — IMPORTED VALUES,UNVERIFIED; FORMS REQUIRE CONSENT / CANON REVIEW,PLACEHOLDER-LIKELY; HABITAT/ROLE REVIEW,,,263,65.75,13,LOW,,73,64,66,60,0,NO NUMERIC CHANGE PROPOSED
Rabbit,,PENDING REVIEW,Zoa,Aura,80,73,49,70,mid-tier omnivore,Great Plains,Uncommon,ESTIMATED,331,Unnumbered Archive / Intake,INTAKE; CANON PROMOTION REQUIRED,NO PRODUCTION ID — DO NOT ASSIGN,NOT VERIFIED — IMPORTED VALUES,UNVERIFIED; FORMS REQUIRE CONSENT / CANON REVIEW,PLACEHOLDER-LIKELY; HABITAT/ROLE REVIEW,,,272,68.0,31,LOW,,80,73,49,70,0,NO NUMERIC CHANGE PROPOSED
Radiant,,PENDING REVIEW,Zoa,Aura,60,47,66,70,mid-tier omnivore,Great Plains,Uncommon,ESTIMATED,168,Unnumbered Archive / Intake,INTAKE; CANON PROMOTION REQUIRED,NO PRODUCTION ID — DO NOT ASSIGN,NOT VERIFIED — IMPORTED VALUES,UNVERIFIED; FORMS REQUIRE CONSENT / CANON REVIEW,PLACEHOLDER-LIKELY; HABITAT/ROLE REVIEW,,,243,60.75,23,LOW,,60,47,66,70,0,NO NUMERIC CHANGE PROPOSED
Rainbud,,PENDING REVIEW,Zoa,Torrent,82,61,64,70,mid-tier omnivore,Rotting Maw wetlands,Uncommon,ESTIMATED,265,Unnumbered Archive / Intake,INTAKE; CANON PROMOTION REQUIRED,NO PRODUCTION ID — DO NOT ASSIGN,NOT VERIFIED — IMPORTED VALUES,UNVERIFIED; FORMS REQUIRE CONSENT / CANON REVIEW,PLACEHOLDER-LIKELY; HABITAT/ROLE REVIEW,,,277,69.25,21,LOW,,82,61,64,70,0,NO NUMERIC CHANGE PROPOSED
Reaper-Skull,,PENDING REVIEW,Zoa,Aura,66,51,71,68,apex predator,Great Plains,Uncommon,ESTIMATED,435,Unnumbered Archive / Intake,INTAKE; CANON PROMOTION REQUIRED,NO PRODUCTION ID — DO NOT ASSIGN,NOT VERIFIED — IMPORTED VALUES,UNVERIFIED; FORMS REQUIRE CONSENT / CANON REVIEW,PLACEHOLDER-LIKELY; HABITAT/ROLE REVIEW,,,256,64.0,20,LOW,,66,51,71,68,0,NO NUMERIC CHANGE PROPOSED
Rebirthwing,,PENDING REVIEW,Zoa,Aero,81,47,58,66,mid-tier omnivore,Great Plains,Uncommon,ESTIMATED,294,Unnumbered Archive / Intake,INTAKE; CANON PROMOTION REQUIRED,NO PRODUCTION ID — DO NOT ASSIGN,NOT VERIFIED — IMPORTED VALUES,UNVERIFIED; FORMS REQUIRE CONSENT / CANON REVIEW,PLACEHOLDER-LIKELY; HABITAT/ROLE REVIEW,,,252,63.0,34,LOW,,81,47,58,66,0,NO NUMERIC CHANGE PROPOSED
Reednote,DEX-078,PENDING REVIEW,Flora,Aura,71,51,78,45,primary producer / habitat anchor,Great Plains,Uncommon,DEX-CONFIRMED,79,Protected Core 001–125,CORE SLOT; PENDING REVIEW,PROTECTED SLOT PRESENT; IDENTITY APPROVAL NOT INFERRED,NOT VERIFIED — IMPORTED VALUES,UNVERIFIED; FORMS REQUIRE CONSENT / CANON REVIEW,PLACEHOLDER-LIKELY; HABITAT/ROLE REVIEW,,,245,61.25,33,MEDIUM,CORE NAME/FORM PENDING,71,51,78,45,0,NO NUMERIC CHANGE PROPOSED
Reefrunner,,PENDING REVIEW,Zoa,Torrent,47,55,46,52,reef grazer,Neon Sea reefs,Uncommon,ESTIMATED,273,Unnumbered Archive / Intake,INTAKE; CANON PROMOTION REQUIRED,NO PRODUCTION ID — DO NOT ASSIGN,NOT VERIFIED — IMPORTED VALUES,UNVERIFIED; FORMS REQUIRE CONSENT / CANON REVIEW,NOT VERIFIED — SOURCE SPECIFIC,,,200,50.0,9,LOW,,47,55,46,52,0,NO NUMERIC CHANGE PROPOSED
Regular Bee Eco-Kin,,PENDING REVIEW,Zoa,Aura,81,55,47,69,canopy pollinator,Great Plains,Uncommon,ESTIMATED,422,Unnumbered Archive / Intake,INTAKE; CANON PROMOTION REQUIRED,NO PRODUCTION ID — DO NOT ASSIGN,NOT VERIFIED — IMPORTED VALUES,UNVERIFIED; FORMS REQUIRE CONSENT / CANON REVIEW,PLACEHOLDER-LIKELY; HABITAT/ROLE REVIEW,,,252,63.0,34,LOW,,81,55,47,69,0,NO NUMERIC CHANGE PROPOSED
Resolution,,PENDING REVIEW,Zoa,Aura,58,65,77,61,mid-tier omnivore,Great Plains,Uncommon,ESTIMATED,246,Unnumbered Archive / Intake,INTAKE; CANON PROMOTION REQUIRED,NO PRODUCTION ID — DO NOT ASSIGN,NOT VERIFIED — IMPORTED VALUES,UNVERIFIED; FORMS REQUIRE CONSENT / CANON REVIEW,PLACEHOLDER-LIKELY; HABITAT/ROLE REVIEW,,,261,65.25,19,LOW,,58,65,77,61,0,NO NUMERIC CHANGE PROPOSED
Resonance Kit,,PENDING REVIEW,Zoa,Aura,47,73,77,65,mid-tier omnivore,Great Plains,Uncommon,ESTIMATED,356,Unnumbered Archive / Intake,INTAKE; CANON PROMOTION REQUIRED,NO PRODUCTION ID — DO NOT ASSIGN,NOT VERIFIED — IMPORTED VALUES,UNVERIFIED; FORMS REQUIRE CONSENT / CANON REVIEW,PLACEHOLDER-LIKELY; HABITAT/ROLE REVIEW,,,262,65.5,30,LOW,,47,73,77,65,0,NO NUMERIC CHANGE PROPOSED
Restoreon,,PENDING REVIEW,Zoa,Aura,61,65,70,51,mid-tier omnivore,Great Plains,Uncommon,ESTIMATED,295,Unnumbered Archive / Intake,INTAKE; CANON PROMOTION REQUIRED,NO PRODUCTION ID — DO NOT ASSIGN,NOT VERIFIED — IMPORTED VALUES,UNVERIFIED; FORMS REQUIRE CONSENT / CANON REVIEW,PLACEHOLDER-LIKELY; HABITAT/ROLE REVIEW,,,247,61.75,19,LOW,,61,65,70,51,0,NO NUMERIC CHANGE PROPOSED
Riftback Leviathan,,PENDING REVIEW,Zoa,Aura,56,78,84,50,mid-tier omnivore,Great Plains,Legendary,ESTIMATED,497,Unnumbered Archive / Intake,INTAKE; CANON PROMOTION REQUIRED,NO PRODUCTION ID — DO NOT ASSIGN,NOT VERIFIED — IMPORTED VALUES,UNVERIFIED; FORMS REQUIRE CONSENT / CANON REVIEW,PLACEHOLDER-LIKELY; HABITAT/ROLE REVIEW,,,268,67.0,34,LOW,,56,78,84,50,0,NO NUMERIC CHANGE PROPOSED
Riftmaw,,PENDING REVIEW,Zoa,Aura,74,81,46,55,apex predator,Great Plains,Uncommon,ESTIMATED,203,Unnumbered Archive / Intake,INTAKE; CANON PROMOTION REQUIRED,NO PRODUCTION ID — DO NOT ASSIGN,NOT VERIFIED — IMPORTED VALUES,UNVERIFIED; FORMS REQUIRE CONSENT / CANON REVIEW,PLACEHOLDER-LIKELY; HABITAT/ROLE REVIEW,,,256,64.0,35,LOW,,74,81,46,55,0,NO NUMERIC CHANGE PROPOSED
Rimefin,DEX-047,PERMANENT DEX,Zoa,Glaze,72,74,71,49,mid-tier omnivore,Steel Frost valleys,Rare,DEX-CONFIRMED,48,Protected Core 001–125,CORE SLOT; EXISTING PERMANENT LABEL,PROTECTED SLOT PRESENT; IDENTITY APPROVAL NOT INFERRED,NOT VERIFIED — IMPORTED VALUES,UNVERIFIED; FORMS REQUIRE CONSENT / CANON REVIEW,PLACEHOLDER-LIKELY; HABITAT/ROLE REVIEW,,,266,66.5,25,LOW,,72,74,71,49,0,NO NUMERIC CHANGE PROPOSED
Rookurrent,DEX-073,PENDING REVIEW,Zoa,Aura,71,68,64,56,mid-tier omnivore,Great Plains,Uncommon,DEX-CONFIRMED,74,Protected Core 001–125,CORE SLOT; PENDING REVIEW,PROTECTED SLOT PRESENT; IDENTITY APPROVAL NOT INFERRED,NOT VERIFIED — IMPORTED VALUES,UNVERIFIED; FORMS REQUIRE CONSENT / CANON REVIEW,PLACEHOLDER-LIKELY; HABITAT/ROLE REVIEW,,,259,64.75,15,MEDIUM,CORE NAME/FORM PENDING,71,68,64,56,0,NO NUMERIC CHANGE PROPOSED
Root-Leshen,,PENDING REVIEW,Flora,Aura,66,49,72,75,soil engineer,Great Plains,Uncommon,ESTIMATED,140,Unnumbered Archive / Intake,INTAKE; CANON PROMOTION REQUIRED,NO PRODUCTION ID — DO NOT ASSIGN,NOT VERIFIED — IMPORTED VALUES,UNVERIFIED; FORMS REQUIRE CONSENT / CANON REVIEW,PLACEHOLDER-LIKELY; HABITAT/ROLE REVIEW,,,262,65.5,26,LOW,,66,49,72,75,0,NO NUMERIC CHANGE PROPOSED
Rootcrawler,DEX-037,PERMANENT DEX,Flora,Aura,60,68,70,78,soil engineer,Great Plains,Rare,DEX-CONFIRMED,38,Protected Core 001–125,CORE SLOT; EXISTING PERMANENT LABEL,PROTECTED SLOT PRESENT; IDENTITY APPROVAL NOT INFERRED,NOT VERIFIED — IMPORTED VALUES,UNVERIFIED; FORMS REQUIRE CONSENT / CANON REVIEW,PLACEHOLDER-LIKELY; HABITAT/ROLE REVIEW,,,276,69.0,18,LOW,,60,68,70,78,0,NO NUMERIC CHANGE PROPOSED
Rootheart,,PENDING REVIEW,Flora,Aura,73,79,87,57,soil engineer,Great Plains,Uncommon,ESTIMATED,296,Unnumbered Archive / Intake,INTAKE; CANON PROMOTION REQUIRED,NO PRODUCTION ID — DO NOT ASSIGN,NOT VERIFIED — IMPORTED VALUES,UNVERIFIED; FORMS REQUIRE CONSENT / CANON REVIEW,PLACEHOLDER-LIKELY; HABITAT/ROLE REVIEW,,,296,74.0,30,LOW,,73,79,87,57,0,NO NUMERIC CHANGE PROPOSED
Roseheart,,PENDING REVIEW,Flora,Flora,67,68,99,76,primary producer / habitat anchor,Great Plains,Uncommon,ESTIMATED,255,Unnumbered Archive / Intake,INTAKE; CANON PROMOTION REQUIRED,NO PRODUCTION ID — DO NOT ASSIGN,NOT VERIFIED — IMPORTED VALUES,UNVERIFIED; FORMS REQUIRE CONSENT / CANON REVIEW,PLACEHOLDER-LIKELY; HABITAT/ROLE REVIEW,,,310,77.5,32,MEDIUM,HIGH STAT >=96: INTENT REVIEW,67,68,95,76,-4,DRAFT CAP SUGGESTION; NOT APPROVED
Rotfang,,PENDING REVIEW,Zoa,Shade,59,67,68,32,apex predator,Great Plains,Uncommon,ESTIMATED,153,Unnumbered Archive / Intake,INTAKE; CANON PROMOTION REQUIRED,NO PRODUCTION ID — DO NOT ASSIGN,NOT VERIFIED — IMPORTED VALUES,UNVERIFIED; FORMS REQUIRE CONSENT / CANON REVIEW,PLACEHOLDER-LIKELY; HABITAT/ROLE REVIEW,,,226,56.5,36,LOW,,59,67,68,32,0,NO NUMERIC CHANGE PROPOSED
Sandshine,,PENDING REVIEW,Zoa,Terra,47,79,57,52,mid-tier omnivore,Crystal Desert,Uncommon,ESTIMATED,274,Unnumbered Archive / Intake,INTAKE; CANON PROMOTION REQUIRED,NO PRODUCTION ID — DO NOT ASSIGN,NOT VERIFIED — IMPORTED VALUES,UNVERIFIED; FORMS REQUIRE CONSENT / CANON REVIEW,PLACEHOLDER-LIKELY; HABITAT/ROLE REVIEW,,,235,58.75,32,LOW,,47,79,57,52,0,NO NUMERIC CHANGE PROPOSED
Sandsprint,,PENDING REVIEW,Zoa,Terra,73,72,46,61,mid-tier omnivore,Crystal Desert,Uncommon,ESTIMATED,402,Unnumbered Archive / Intake,INTAKE; CANON PROMOTION REQUIRED,NO PRODUCTION ID — DO NOT ASSIGN,NOT VERIFIED — IMPORTED VALUES,UNVERIFIED; FORMS REQUIRE CONSENT / CANON REVIEW,PLACEHOLDER-LIKELY; HABITAT/ROLE REVIEW,,,252,63.0,27,LOW,,73,72,46,61,0,NO NUMERIC CHANGE PROPOSED
Scarab,,PENDING REVIEW,Zoa,Aura,51,70,49,52,mid-tier omnivore,Great Plains,Uncommon,ESTIMATED,311,Unnumbered Archive / Intake,INTAKE; CANON PROMOTION REQUIRED,NO PRODUCTION ID — DO NOT ASSIGN,NOT VERIFIED — IMPORTED VALUES,UNVERIFIED; FORMS REQUIRE CONSENT / CANON REVIEW,PLACEHOLDER-LIKELY; HABITAT/ROLE REVIEW,,,222,55.5,21,LOW,,51,70,49,52,0,NO NUMERIC CHANGE PROPOSED
Scorpin,,PENDING REVIEW,Zoa,Aura,66,56,56,52,mid-tier omnivore,Great Plains,Uncommon,ESTIMATED,485,Unnumbered Archive / Intake,INTAKE; CANON PROMOTION REQUIRED,NO PRODUCTION ID — DO NOT ASSIGN,NOT VERIFIED — IMPORTED VALUES,UNVERIFIED; FORMS REQUIRE CONSENT / CANON REVIEW,PLACEHOLDER-LIKELY; HABITAT/ROLE REVIEW,,,230,57.5,14,LOW,,66,56,56,52,0,NO NUMERIC CHANGE PROPOSED
Seaplume,,PENDING REVIEW,Zoa,Aura,65,45,56,58,mid-tier omnivore,Rotting Maw wetlands,Uncommon,ESTIMATED,536,Unnumbered Archive / Intake,INTAKE; CANON PROMOTION REQUIRED,NO PRODUCTION ID — DO NOT ASSIGN,NOT VERIFIED — IMPORTED VALUES,UNVERIFIED; FORMS REQUIRE CONSENT / CANON REVIEW,PLACEHOLDER-LIKELY; HABITAT/ROLE REVIEW,,,224,56.0,20,LOW,,65,45,56,58,0,NO NUMERIC CHANGE PROPOSED
Seedskip,,PENDING REVIEW,Flora,Flora,83,46,68,54,primary producer / habitat anchor,Great Plains,Uncommon,ESTIMATED,266,Unnumbered Archive / Intake,INTAKE; CANON PROMOTION REQUIRED,NO PRODUCTION ID — DO NOT ASSIGN,NOT VERIFIED — IMPORTED VALUES,UNVERIFIED; FORMS REQUIRE CONSENT / CANON REVIEW,PLACEHOLDER-LIKELY; HABITAT/ROLE REVIEW,,,251,62.75,37,LOW,,83,46,68,54,0,NO NUMERIC CHANGE PROPOSED
Sekhmet,,LEGACY-HISTORICAL,Zoa,Aura,71,52,56,68,mid-tier omnivore,Great Plains,Uncommon,ESTIMATED,552,Unnumbered Archive / Intake,ARCHIVE; DO NOT SHIP,NO PRODUCTION ID — DO NOT ASSIGN,NOT VERIFIED — IMPORTED VALUES,UNVERIFIED; FORMS REQUIRE CONSENT / CANON REVIEW,PLACEHOLDER-LIKELY; HABITAT/ROLE REVIEW,,,247,61.75,19,MEDIUM,HISTORICAL: EXCLUDE FROM ACTIVE ROSTER,71,52,56,68,0,NO NUMERIC CHANGE PROPOSED
Shadepaw,,PENDING REVIEW,Zoa,Shade,76,81,70,70,mid-tier omnivore,Great Plains,Uncommon,ESTIMATED,427,Unnumbered Archive / Intake,INTAKE; CANON PROMOTION REQUIRED,NO PRODUCTION ID — DO NOT ASSIGN,NOT VERIFIED — IMPORTED VALUES,UNVERIFIED; FORMS REQUIRE CONSENT / CANON REVIEW,PLACEHOLDER-LIKELY; HABITAT/ROLE REVIEW,,,297,74.25,11,LOW,,76,81,70,70,0,NO NUMERIC CHANGE PROPOSED
Shadow Harvest,,PENDING REVIEW,Zoa,Shade,68,57,45,61,mid-tier omnivore,Great Plains,Uncommon,ESTIMATED,154,Unnumbered Archive / Intake,INTAKE; CANON PROMOTION REQUIRED,NO PRODUCTION ID — DO NOT ASSIGN,NOT VERIFIED — IMPORTED VALUES,UNVERIFIED; FORMS REQUIRE CONSENT / CANON REVIEW,PLACEHOLDER-LIKELY; HABITAT/ROLE REVIEW,,,231,57.75,23,LOW,,68,57,45,61,0,NO NUMERIC CHANGE PROPOSED
Shadowcore,,PENDING REVIEW,Zoa,Shade,53,58,81,71,mid-tier omnivore,Great Plains,Uncommon,ESTIMATED,204,Unnumbered Archive / Intake,INTAKE; CANON PROMOTION REQUIRED,NO PRODUCTION ID — DO NOT ASSIGN,NOT VERIFIED — IMPORTED VALUES,UNVERIFIED; FORMS REQUIRE CONSENT / CANON REVIEW,PLACEHOLDER-LIKELY; HABITAT/ROLE REVIEW,,,263,65.75,28,LOW,,53,58,81,71,0,NO NUMERIC CHANGE PROPOSED
Shard-Back,,PENDING REVIEW,Zoa,Aura,58,81,77,66,mid-tier omnivore,Great Plains,Uncommon,ESTIMATED,453,Unnumbered Archive / Intake,INTAKE; CANON PROMOTION REQUIRED,NO PRODUCTION ID — DO NOT ASSIGN,NOT VERIFIED — IMPORTED VALUES,UNVERIFIED; FORMS REQUIRE CONSENT / CANON REVIEW,PLACEHOLDER-LIKELY; HABITAT/ROLE REVIEW,,,282,70.5,23,LOW,,58,81,77,66,0,NO NUMERIC CHANGE PROPOSED
Sherlock Hound,,PENDING REVIEW,Zoa,Aura,46,77,61,63,mid-tier omnivore,Great Plains,Uncommon,ESTIMATED,425,Unnumbered Archive / Intake,INTAKE; CANON PROMOTION REQUIRED,NO PRODUCTION ID — DO NOT ASSIGN,NOT VERIFIED — IMPORTED VALUES,UNVERIFIED; FORMS REQUIRE CONSENT / CANON REVIEW,PLACEHOLDER-LIKELY; HABITAT/ROLE REVIEW,,,247,61.75,31,LOW,,46,77,61,63,0,NO NUMERIC CHANGE PROPOSED
Shock-Stinger,,PENDING REVIEW,Zoa,Aura,52,53,82,46,mid-tier omnivore,Great Plains,Uncommon,ESTIMATED,455,Unnumbered Archive / Intake,INTAKE; CANON PROMOTION REQUIRED,NO PRODUCTION ID — DO NOT ASSIGN,NOT VERIFIED — IMPORTED VALUES,UNVERIFIED; FORMS REQUIRE CONSENT / CANON REVIEW,PLACEHOLDER-LIKELY; HABITAT/ROLE REVIEW,,,233,58.25,36,LOW,,52,53,82,46,0,NO NUMERIC CHANGE PROPOSED
Shoebastion,DEX-059,PENDING REVIEW,Zoa,Aura,46,100,45,70,mid-tier omnivore,Great Plains,Uncommon,DEX-CONFIRMED,60,Protected Core 001–125,CORE SLOT; PENDING REVIEW,PROTECTED SLOT PRESENT; IDENTITY APPROVAL NOT INFERRED,NOT VERIFIED — IMPORTED VALUES,UNVERIFIED; FORMS REQUIRE CONSENT / CANON REVIEW,PLACEHOLDER-LIKELY; HABITAT/ROLE REVIEW,,,261,65.25,55,MEDIUM,CORE NAME/FORM PENDING; HIGH STAT >=96: INTENT REVIEW; STAT SPREAD >=50: ROLE REVIEW,46,100,45,70,0,NO NUMERIC CHANGE PROPOSED
Shoebastion Marshwarden,DEX-060,PENDING REVIEW,Zoa,Aura,59,83,72,65,territorial guardian,Rotting Maw wetlands,Uncommon,DEX-CONFIRMED,61,Protected Core 001–125,CORE SLOT; PENDING REVIEW,PROTECTED SLOT PRESENT; IDENTITY APPROVAL NOT INFERRED,NOT VERIFIED — IMPORTED VALUES,UNVERIFIED; FORMS REQUIRE CONSENT / CANON REVIEW,NOT VERIFIED — SOURCE SPECIFIC,,Shoebastion,279,69.75,24,MEDIUM,CORE NAME/FORM PENDING; POSSIBLE FORM / EVOLUTION RELATION,59,83,72,65,0,NO NUMERIC CHANGE PROPOSED
Siltamender,DEX-053,PENDING REVIEW,Zoa,Torrent,47,77,70,75,mid-tier omnivore,Rotting Maw wetlands,Uncommon,DEX-CONFIRMED,54,Protected Core 001–125,CORE SLOT; PENDING REVIEW,PROTECTED SLOT PRESENT; IDENTITY APPROVAL NOT INFERRED,NOT VERIFIED — IMPORTED VALUES,UNVERIFIED; FORMS REQUIRE CONSENT / CANON REVIEW,PLACEHOLDER-LIKELY; HABITAT/ROLE REVIEW,,,269,67.25,30,MEDIUM,CORE NAME/FORM PENDING,47,77,70,75,0,NO NUMERIC CHANGE PROPOSED
Siltamender Riverelder,DEX-054,PENDING REVIEW,Zoa,Torrent,66,59,66,72,mid-tier omnivore,Rotting Maw wetlands,Uncommon,DEX-CONFIRMED,55,Protected Core 001–125,CORE SLOT; PENDING REVIEW,PROTECTED SLOT PRESENT; IDENTITY APPROVAL NOT INFERRED,NOT VERIFIED — IMPORTED VALUES,UNVERIFIED; FORMS REQUIRE CONSENT / CANON REVIEW,PLACEHOLDER-LIKELY; HABITAT/ROLE REVIEW,,Siltamender,263,65.75,13,MEDIUM,CORE NAME/FORM PENDING; POSSIBLE FORM / EVOLUTION RELATION,66,59,66,72,0,NO NUMERIC CHANGE PROPOSED
Siren-Stalker,,PENDING REVIEW,Flora,Aura,77,75,75,55,apex predator,Great Plains,Uncommon,ESTIMATED,141,Unnumbered Archive / Intake,INTAKE; CANON PROMOTION REQUIRED,NO PRODUCTION ID — DO NOT ASSIGN,NOT VERIFIED — IMPORTED VALUES,UNVERIFIED; FORMS REQUIRE CONSENT / CANON REVIEW,PLACEHOLDER-LIKELY; HABITAT/ROLE REVIEW,,,282,70.5,22,LOW,,77,75,75,55,0,NO NUMERIC CHANGE PROPOSED
Skallari,,PENDING REVIEW,Zoa,Aura,71,64,57,71,mid-tier omnivore,Great Plains,Uncommon,ESTIMATED,469,Unnumbered Archive / Intake,INTAKE; CANON PROMOTION REQUIRED,NO PRODUCTION ID — DO NOT ASSIGN,NOT VERIFIED — IMPORTED VALUES,UNVERIFIED; FORMS REQUIRE CONSENT / CANON REVIEW,PLACEHOLDER-LIKELY; HABITAT/ROLE REVIEW,,,263,65.75,14,LOW,,71,64,57,71,0,NO NUMERIC CHANGE PROPOSED
Skeleton,DEX-025,PERMANENT DEX,Zoa,Shade,78,53,80,70,mid-tier omnivore,Great Plains,Rare,DEX-CONFIRMED,26,Protected Core 001–125,CORE SLOT; EXISTING PERMANENT LABEL,PROTECTED SLOT PRESENT; IDENTITY APPROVAL NOT INFERRED,NOT VERIFIED — IMPORTED VALUES,UNVERIFIED; FORMS REQUIRE CONSENT / CANON REVIEW,PLACEHOLDER-LIKELY; HABITAT/ROLE REVIEW,,,281,70.25,27,LOW,,78,53,80,70,0,NO NUMERIC CHANGE PROPOSED
Skullkin,DEX-125,PENDING REVIEW,Zoa,Aura,85,75,58,46,mid-tier omnivore,Great Plains,Uncommon,DEX-CONFIRMED,126,Protected Core 001–125,CORE SLOT; PENDING REVIEW,PROTECTED SLOT PRESENT; IDENTITY APPROVAL NOT INFERRED,NOT VERIFIED — IMPORTED VALUES,UNVERIFIED; FORMS REQUIRE CONSENT / CANON REVIEW,PLACEHOLDER-LIKELY; HABITAT/ROLE REVIEW,,,264,66.0,39,MEDIUM,CORE NAME/FORM PENDING,85,75,58,46,0,NO NUMERIC CHANGE PROPOSED
Skyrhapsody,DEX-080,PENDING REVIEW,Zoa,Aero,85,53,61,76,mid-tier omnivore,Sky Haven thermals,Uncommon,DEX-CONFIRMED,81,Protected Core 001–125,CORE SLOT; PENDING REVIEW,PROTECTED SLOT PRESENT; IDENTITY APPROVAL NOT INFERRED,NOT VERIFIED — IMPORTED VALUES,UNVERIFIED; FORMS REQUIRE CONSENT / CANON REVIEW,PLACEHOLDER-LIKELY; HABITAT/ROLE REVIEW,,,275,68.75,32,MEDIUM,CORE NAME/FORM PENDING,85,53,61,76,0,NO NUMERIC CHANGE PROPOSED
SLYM THICKE,,PENDING REVIEW,Zoa,Aura,68,85,51,49,mid-tier omnivore,Great Plains,Uncommon,ESTIMATED,303,Unnumbered Archive / Intake,INTAKE; CANON PROMOTION REQUIRED,NO PRODUCTION ID — DO NOT ASSIGN,NOT VERIFIED — IMPORTED VALUES,UNVERIFIED; FORMS REQUIRE CONSENT / CANON REVIEW,PLACEHOLDER-LIKELY; HABITAT/ROLE REVIEW,,,253,63.25,36,LOW,,68,85,51,49,0,NO NUMERIC CHANGE PROPOSED
Snoutap,DEX-090,PENDING REVIEW,Zoa,Aura,74,67,66,52,mid-tier omnivore,Great Plains,Uncommon,DEX-CONFIRMED,91,Protected Core 001–125,CORE SLOT; PENDING REVIEW,PROTECTED SLOT PRESENT; IDENTITY APPROVAL NOT INFERRED,NOT VERIFIED — IMPORTED VALUES,UNVERIFIED; FORMS REQUIRE CONSENT / CANON REVIEW,PLACEHOLDER-LIKELY; HABITAT/ROLE REVIEW,,,259,64.75,22,MEDIUM,CORE NAME/FORM PENDING,74,67,66,52,0,NO NUMERIC CHANGE PROPOSED
Snoutzip,,PENDING REVIEW,Zoa,Aura,56,57,64,76,mid-tier omnivore,Great Plains,Uncommon,ESTIMATED,400,Unnumbered Archive / Intake,INTAKE; CANON PROMOTION REQUIRED,NO PRODUCTION ID — DO NOT ASSIGN,NOT VERIFIED — IMPORTED VALUES,UNVERIFIED; FORMS REQUIRE CONSENT / CANON REVIEW,PLACEHOLDER-LIKELY; HABITAT/ROLE REVIEW,,,253,63.25,20,LOW,,56,57,64,76,0,NO NUMERIC CHANGE PROPOSED
Snowbell,,PENDING REVIEW,Zoa,Glaze,57,80,83,81,mid-tier omnivore,Steel Frost valleys,Uncommon,ESTIMATED,235,Unnumbered Archive / Intake,INTAKE; CANON PROMOTION REQUIRED,NO PRODUCTION ID — DO NOT ASSIGN,NOT VERIFIED — IMPORTED VALUES,UNVERIFIED; FORMS REQUIRE CONSENT / CANON REVIEW,PLACEHOLDER-LIKELY; HABITAT/ROLE REVIEW,,,301,75.25,26,LOW,,57,80,83,81,0,NO NUMERIC CHANGE PROPOSED
Snowglimmer,,PENDING REVIEW,Zoa,Glaze,79,50,51,47,mid-tier omnivore,Steel Frost valleys,Uncommon,ESTIMATED,236,Unnumbered Archive / Intake,INTAKE; CANON PROMOTION REQUIRED,NO PRODUCTION ID — DO NOT ASSIGN,NOT VERIFIED — IMPORTED VALUES,UNVERIFIED; FORMS REQUIRE CONSENT / CANON REVIEW,PLACEHOLDER-LIKELY; HABITAT/ROLE REVIEW,,,227,56.75,32,LOW,,79,50,51,47,0,NO NUMERIC CHANGE PROPOSED
Solace,,PENDING REVIEW,Zoa,Aura,62,70,48,52,mid-tier omnivore,Great Plains,Uncommon,ESTIMATED,169,Unnumbered Archive / Intake,INTAKE; CANON PROMOTION REQUIRED,NO PRODUCTION ID — DO NOT ASSIGN,NOT VERIFIED — IMPORTED VALUES,UNVERIFIED; FORMS REQUIRE CONSENT / CANON REVIEW,PLACEHOLDER-LIKELY; HABITAT/ROLE REVIEW,,,232,58.0,22,LOW,,62,70,48,52,0,NO NUMERIC CHANGE PROPOSED
Solara,DEX-097,PENDING REVIEW,Zoa,Aura,60,77,79,81,mid-tier omnivore,Great Plains,Uncommon,DEX-CONFIRMED,98,Protected Core 001–125,CORE SLOT; PENDING REVIEW,PROTECTED SLOT PRESENT; IDENTITY APPROVAL NOT INFERRED,NOT VERIFIED — IMPORTED VALUES,UNVERIFIED; FORMS REQUIRE CONSENT / CANON REVIEW,PLACEHOLDER-LIKELY; HABITAT/ROLE REVIEW,,,297,74.25,21,MEDIUM,CORE NAME/FORM PENDING,60,77,79,81,0,NO NUMERIC CHANGE PROPOSED
Solarail,,PENDING REVIEW,Zoa,Aura,60,58,66,75,mid-tier omnivore,Great Plains,Uncommon,ESTIMATED,412,Unnumbered Archive / Intake,INTAKE; CANON PROMOTION REQUIRED,NO PRODUCTION ID — DO NOT ASSIGN,NOT VERIFIED — IMPORTED VALUES,UNVERIFIED; FORMS REQUIRE CONSENT / CANON REVIEW,PLACEHOLDER-LIKELY; HABITAT/ROLE REVIEW,,,259,64.75,17,LOW,,60,58,66,75,0,NO NUMERIC CHANGE PROPOSED
Solmane,,PENDING REVIEW,Zoa,Aura,81,65,65,83,mid-tier omnivore,Great Plains,Uncommon,ESTIMATED,413,Unnumbered Archive / Intake,INTAKE; CANON PROMOTION REQUIRED,NO PRODUCTION ID — DO NOT ASSIGN,NOT VERIFIED — IMPORTED VALUES,UNVERIFIED; FORMS REQUIRE CONSENT / CANON REVIEW,PLACEHOLDER-LIKELY; HABITAT/ROLE REVIEW,,,294,73.5,18,LOW,,81,65,65,83,0,NO NUMERIC CHANGE PROPOSED
Solspray,,PENDING REVIEW,Zoa,Aura,85,65,61,66,mid-tier omnivore,Great Plains,Uncommon,ESTIMATED,275,Unnumbered Archive / Intake,INTAKE; CANON PROMOTION REQUIRED,NO PRODUCTION ID — DO NOT ASSIGN,NOT VERIFIED — IMPORTED VALUES,UNVERIFIED; FORMS REQUIRE CONSENT / CANON REVIEW,PLACEHOLDER-LIKELY; HABITAT/ROLE REVIEW,,,277,69.25,24,LOW,,85,65,61,66,0,NO NUMERIC CHANGE PROPOSED
SOLTRION,,PENDING REVIEW,Zoa,Aura,79,74,49,46,mid-tier omnivore,Great Plains,Uncommon,ESTIMATED,458,Unnumbered Archive / Intake,INTAKE; CANON PROMOTION REQUIRED,NO PRODUCTION ID — DO NOT ASSIGN,NOT VERIFIED — IMPORTED VALUES,UNVERIFIED; FORMS REQUIRE CONSENT / CANON REVIEW,PLACEHOLDER-LIKELY; HABITAT/ROLE REVIEW,,,248,62.0,33,LOW,,79,74,49,46,0,NO NUMERIC CHANGE PROPOSED
Soulmate,,PENDING REVIEW,Zoa,Aura,63,46,67,55,mid-tier omnivore,Great Plains,Uncommon,ESTIMATED,256,Unnumbered Archive / Intake,INTAKE; CANON PROMOTION REQUIRED,NO PRODUCTION ID — DO NOT ASSIGN,NOT VERIFIED — IMPORTED VALUES,UNVERIFIED; FORMS REQUIRE CONSENT / CANON REVIEW,PLACEHOLDER-LIKELY; HABITAT/ROLE REVIEW,,,231,57.75,21,LOW,,63,46,67,55,0,NO NUMERIC CHANGE PROPOSED
Sovereign Vampire,,PENDING REVIEW,Zoa,Aura,74,76,56,80,mid-tier omnivore,Great Plains,Alpha,ESTIMATED,142,Unnumbered Archive / Intake,INTAKE; CANON PROMOTION REQUIRED,NO PRODUCTION ID — DO NOT ASSIGN,NOT VERIFIED — IMPORTED VALUES,UNVERIFIED; FORMS REQUIRE CONSENT / CANON REVIEW,PLACEHOLDER-LIKELY; HABITAT/ROLE REVIEW,,,286,71.5,24,LOW,,74,76,56,80,0,NO NUMERIC CHANGE PROPOSED
Spacialis-Zea,,PENDING REVIEW,Zoa,Aura,55,50,61,51,mid-tier omnivore,Great Plains,Uncommon,ESTIMATED,502,Unnumbered Archive / Intake,INTAKE; CANON PROMOTION REQUIRED,NO PRODUCTION ID — DO NOT ASSIGN,NOT VERIFIED — IMPORTED VALUES,UNVERIFIED; FORMS REQUIRE CONSENT / CANON REVIEW,PLACEHOLDER-LIKELY; HABITAT/ROLE REVIEW,,,217,54.25,11,LOW,,55,50,61,51,0,NO NUMERIC CHANGE PROPOSED
Sparkrill,,PENDING REVIEW,Zoa,Voltic,81,66,72,76,filter feeder,Great Plains,Uncommon,ESTIMATED,531,Unnumbered Archive / Intake,INTAKE; CANON PROMOTION REQUIRED,NO PRODUCTION ID — DO NOT ASSIGN,NOT VERIFIED — IMPORTED VALUES,UNVERIFIED; FORMS REQUIRE CONSENT / CANON REVIEW,PLACEHOLDER-LIKELY; HABITAT/ROLE REVIEW,,,295,73.75,15,LOW,,81,66,72,76,0,NO NUMERIC CHANGE PROPOSED
Sparkyle,,PENDING REVIEW,Zoa,Voltic,100,85,62,61,mid-tier omnivore,Great Plains,Uncommon,ESTIMATED,543,Unnumbered Archive / Intake,INTAKE; CANON PROMOTION REQUIRED,NO PRODUCTION ID — DO NOT ASSIGN,NOT VERIFIED — IMPORTED VALUES,UNVERIFIED; FORMS REQUIRE CONSENT / CANON REVIEW,PLACEHOLDER-LIKELY; HABITAT/ROLE REVIEW,,,308,77.0,39,MEDIUM,HIGH STAT >=96: INTENT REVIEW,95,85,62,61,-5,DRAFT CAP SUGGESTION; NOT APPROVED
Spectra Aurora Empero,,PENDING REVIEW,Zoa,Aura,78,74,82,64,mid-tier omnivore,Great Plains,Uncommon,ESTIMATED,431,Unnumbered Archive / Intake,INTAKE; CANON PROMOTION REQUIRED,NO PRODUCTION ID — DO NOT ASSIGN,NOT VERIFIED — IMPORTED VALUES,UNVERIFIED; FORMS REQUIRE CONSENT / CANON REVIEW,PLACEHOLDER-LIKELY; HABITAT/ROLE REVIEW,,,298,74.5,18,LOW,,78,74,82,64,0,NO NUMERIC CHANGE PROPOSED
Spectra Chick,,PENDING REVIEW,Zoa,Aura,45,85,49,49,mid-tier omnivore,Great Plains,Uncommon,ESTIMATED,429,Unnumbered Archive / Intake,INTAKE; CANON PROMOTION REQUIRED,NO PRODUCTION ID — DO NOT ASSIGN,NOT VERIFIED — IMPORTED VALUES,UNVERIFIED; FORMS REQUIRE CONSENT / CANON REVIEW,PLACEHOLDER-LIKELY; HABITAT/ROLE REVIEW,,,228,57.0,40,LOW,,45,85,49,49,0,NO NUMERIC CHANGE PROPOSED
Spectra Glidefin,,PENDING REVIEW,Zoa,Torrent,51,74,67,79,mid-tier omnivore,Rotting Maw wetlands,Uncommon,ESTIMATED,430,Unnumbered Archive / Intake,INTAKE; CANON PROMOTION REQUIRED,NO PRODUCTION ID — DO NOT ASSIGN,NOT VERIFIED — IMPORTED VALUES,UNVERIFIED; FORMS REQUIRE CONSENT / CANON REVIEW,PLACEHOLDER-LIKELY; HABITAT/ROLE REVIEW,,,271,67.75,28,LOW,,51,74,67,79,0,NO NUMERIC CHANGE PROPOSED
Spine-Crested Basilisk,,PENDING REVIEW,Zoa,Aura,49,81,54,72,mid-tier omnivore,Great Plains,Uncommon,ESTIMATED,143,Unnumbered Archive / Intake,INTAKE; CANON PROMOTION REQUIRED,NO PRODUCTION ID — DO NOT ASSIGN,NOT VERIFIED — IMPORTED VALUES,UNVERIFIED; FORMS REQUIRE CONSENT / CANON REVIEW,PLACEHOLDER-LIKELY; HABITAT/ROLE REVIEW,,,256,64.0,32,LOW,,49,81,54,72,0,NO NUMERIC CHANGE PROPOSED
Sprigbeat,DEX-106,PERMANENT DEX,Zoa,Aura,70,72,74,83,mid-tier omnivore,Great Plains,Rare,DEX-CONFIRMED,107,Protected Core 001–125,CORE SLOT; EXISTING PERMANENT LABEL,PROTECTED SLOT PRESENT; IDENTITY APPROVAL NOT INFERRED,NOT VERIFIED — IMPORTED VALUES,UNVERIFIED; FORMS REQUIRE CONSENT / CANON REVIEW,PLACEHOLDER-LIKELY; HABITAT/ROLE REVIEW,,,299,74.75,13,LOW,,70,72,74,83,0,NO NUMERIC CHANGE PROPOSED
Springhorn,,PENDING REVIEW,Zoa,Terra,77,100,79,59,mid-tier omnivore,Great Plains,Uncommon,ESTIMATED,267,Unnumbered Archive / Intake,INTAKE; CANON PROMOTION REQUIRED,NO PRODUCTION ID — DO NOT ASSIGN,NOT VERIFIED — IMPORTED VALUES,UNVERIFIED; FORMS REQUIRE CONSENT / CANON REVIEW,PLACEHOLDER-LIKELY; HABITAT/ROLE REVIEW,,,315,78.75,41,MEDIUM,HIGH STAT >=96: INTENT REVIEW,77,95,79,59,-5,DRAFT CAP SUGGESTION; NOT APPROVED
Spritz,DEX-034,PERMANENT DEX,Zoa,Aura,50,82,59,68,mid-tier omnivore,Great Plains,Rare,DEX-CONFIRMED,35,Protected Core 001–125,CORE SLOT; EXISTING PERMANENT LABEL,PROTECTED SLOT PRESENT; IDENTITY APPROVAL NOT INFERRED,NOT VERIFIED — IMPORTED VALUES,UNVERIFIED; FORMS REQUIRE CONSENT / CANON REVIEW,PLACEHOLDER-LIKELY; HABITAT/ROLE REVIEW,,,259,64.75,32,LOW,,50,82,59,68,0,NO NUMERIC CHANGE PROPOSED
Sproutneck,DEX-064,PENDING REVIEW,Flora,Flora,58,74,62,67,primary producer / habitat anchor,Great Plains,Uncommon,DEX-CONFIRMED,65,Protected Core 001–125,CORE SLOT; PENDING REVIEW,PROTECTED SLOT PRESENT; IDENTITY APPROVAL NOT INFERRED,NOT VERIFIED — IMPORTED VALUES,UNVERIFIED; FORMS REQUIRE CONSENT / CANON REVIEW,PLACEHOLDER-LIKELY; HABITAT/ROLE REVIEW,,,261,65.25,16,MEDIUM,CORE NAME/FORM PENDING,58,74,62,67,0,NO NUMERIC CHANGE PROPOSED
Starblessed,,PENDING REVIEW,Zoa,Aura,51,67,54,80,mid-tier omnivore,Great Plains,Uncommon,ESTIMATED,170,Unnumbered Archive / Intake,INTAKE; CANON PROMOTION REQUIRED,NO PRODUCTION ID — DO NOT ASSIGN,NOT VERIFIED — IMPORTED VALUES,UNVERIFIED; FORMS REQUIRE CONSENT / CANON REVIEW,PLACEHOLDER-LIKELY; HABITAT/ROLE REVIEW,,,252,63.0,29,LOW,,51,67,54,80,0,NO NUMERIC CHANGE PROPOSED
Starburst,,PENDING REVIEW,Zoa,Aura,48,64,48,64,mid-tier omnivore,Great Plains,Uncommon,ESTIMATED,247,Unnumbered Archive / Intake,INTAKE; CANON PROMOTION REQUIRED,NO PRODUCTION ID — DO NOT ASSIGN,NOT VERIFIED — IMPORTED VALUES,UNVERIFIED; FORMS REQUIRE CONSENT / CANON REVIEW,PLACEHOLDER-LIKELY; HABITAT/ROLE REVIEW,,,224,56.0,16,LOW,,48,64,48,64,0,NO NUMERIC CHANGE PROPOSED
Starfisheron,,PENDING REVIEW,Zoa,Aura,46,57,52,55,mid-tier omnivore,Great Plains,Uncommon,ESTIMATED,377,Unnumbered Archive / Intake,INTAKE; CANON PROMOTION REQUIRED,NO PRODUCTION ID — DO NOT ASSIGN,NOT VERIFIED — IMPORTED VALUES,UNVERIFIED; FORMS REQUIRE CONSENT / CANON REVIEW,PLACEHOLDER-LIKELY; HABITAT/ROLE REVIEW,,,210,52.5,11,LOW,,46,57,52,55,0,NO NUMERIC CHANGE PROPOSED
Starflit,,PENDING REVIEW,Zoa,Aura,57,50,60,76,mid-tier omnivore,Great Plains,Uncommon,ESTIMATED,404,Unnumbered Archive / Intake,INTAKE; CANON PROMOTION REQUIRED,NO PRODUCTION ID — DO NOT ASSIGN,NOT VERIFIED — IMPORTED VALUES,UNVERIFIED; FORMS REQUIRE CONSENT / CANON REVIEW,PLACEHOLDER-LIKELY; HABITAT/ROLE REVIEW,,,243,60.75,26,LOW,,57,50,60,76,0,NO NUMERIC CHANGE PROPOSED
Starhaven Perch,DEX-020,PERMANENT DEX,Zoa,Aura,77,50,46,64,mid-tier omnivore,Great Plains,Rare,DEX-CONFIRMED,21,Protected Core 001–125,CORE SLOT; EXISTING PERMANENT LABEL,PROTECTED SLOT PRESENT; IDENTITY APPROVAL NOT INFERRED,NOT VERIFIED — IMPORTED VALUES,UNVERIFIED; FORMS REQUIRE CONSENT / CANON REVIEW,PLACEHOLDER-LIKELY; HABITAT/ROLE REVIEW,,,237,59.25,31,LOW,,77,50,46,64,0,NO NUMERIC CHANGE PROPOSED
Starless,,PENDING REVIEW,Zoa,Aura,62,62,82,81,mid-tier omnivore,Great Plains,Uncommon,ESTIMATED,205,Unnumbered Archive / Intake,INTAKE; CANON PROMOTION REQUIRED,NO PRODUCTION ID — DO NOT ASSIGN,NOT VERIFIED — IMPORTED VALUES,UNVERIFIED; FORMS REQUIRE CONSENT / CANON REVIEW,PLACEHOLDER-LIKELY; HABITAT/ROLE REVIEW,,,287,71.75,20,LOW,,62,62,82,81,0,NO NUMERIC CHANGE PROPOSED
Starvault Spires,DEX-021,PERMANENT DEX,Zoa,Aura,75,72,85,52,mid-tier omnivore,Sky Haven thermals,Rare,DEX-CONFIRMED,22,Protected Core 001–125,CORE SLOT; EXISTING PERMANENT LABEL,PROTECTED SLOT PRESENT; IDENTITY APPROVAL NOT INFERRED,NOT VERIFIED — IMPORTED VALUES,UNVERIFIED; FORMS REQUIRE CONSENT / CANON REVIEW,PLACEHOLDER-LIKELY; HABITAT/ROLE REVIEW,,,284,71.0,33,LOW,,75,72,85,52,0,NO NUMERIC CHANGE PROPOSED
Sting Wreck,,PENDING REVIEW,Zoa,Aura,57,79,82,75,mid-tier omnivore,Great Plains,Uncommon,ESTIMATED,345,Unnumbered Archive / Intake,INTAKE; CANON PROMOTION REQUIRED,NO PRODUCTION ID — DO NOT ASSIGN,NOT VERIFIED — IMPORTED VALUES,UNVERIFIED; FORMS REQUIRE CONSENT / CANON REVIEW,PLACEHOLDER-LIKELY; HABITAT/ROLE REVIEW,,,293,73.25,25,LOW,,57,79,82,75,0,NO NUMERIC CHANGE PROPOSED
Stone-Treader,,PENDING REVIEW,Zoa,Terra,56,86,60,58,mid-tier omnivore,Great Plains,Uncommon,ESTIMATED,367,Unnumbered Archive / Intake,INTAKE; CANON PROMOTION REQUIRED,NO PRODUCTION ID — DO NOT ASSIGN,NOT VERIFIED — IMPORTED VALUES,UNVERIFIED; FORMS REQUIRE CONSENT / CANON REVIEW,PLACEHOLDER-LIKELY; HABITAT/ROLE REVIEW,,,260,65.0,30,LOW,,56,86,60,58,0,NO NUMERIC CHANGE PROPOSED
Storm-Zues,,RETIRED,Zoa,Aero,73,64,80,83,mid-tier omnivore,Sky Haven thermals,Uncommon,ESTIMATED,512,Unnumbered Archive / Intake,ARCHIVE; DO NOT SHIP,NO PRODUCTION ID — DO NOT ASSIGN,NOT VERIFIED — IMPORTED VALUES,UNVERIFIED; FORMS REQUIRE CONSENT / CANON REVIEW,PLACEHOLDER-LIKELY; HABITAT/ROLE REVIEW,,,300,75.0,19,MEDIUM,RETIRED: EXCLUDE FROM ACTIVE ROSTER,73,64,80,83,0,NO NUMERIC CHANGE PROPOSED
Stormcrown Drakyr,,PENDING REVIEW,Zoa,Aero,63,82,74,70,mid-tier omnivore,Sky Haven thermals,Uncommon,ESTIMATED,526,Unnumbered Archive / Intake,INTAKE; CANON PROMOTION REQUIRED,NO PRODUCTION ID — DO NOT ASSIGN,NOT VERIFIED — IMPORTED VALUES,UNVERIFIED; FORMS REQUIRE CONSENT / CANON REVIEW,PLACEHOLDER-LIKELY; HABITAT/ROLE REVIEW,,,289,72.25,19,LOW,,63,82,74,70,0,NO NUMERIC CHANGE PROPOSED
Stormhare,DEX-120,PENDING REVIEW,Zoa,Aero,59,65,72,48,mid-tier omnivore,Sky Haven thermals,Uncommon,DEX-CONFIRMED,121,Protected Core 001–125,CORE SLOT; PENDING REVIEW,PROTECTED SLOT PRESENT; IDENTITY APPROVAL NOT INFERRED,NOT VERIFIED — IMPORTED VALUES,UNVERIFIED; FORMS REQUIRE CONSENT / CANON REVIEW,PLACEHOLDER-LIKELY; HABITAT/ROLE REVIEW,,,244,61.0,24,MEDIUM,CORE NAME/FORM PENDING,59,65,72,48,0,NO NUMERIC CHANGE PROPOSED
Sunfin,,PENDING REVIEW,Zoa,Torrent,56,47,82,77,mid-tier omnivore,Rotting Maw wetlands,Uncommon,ESTIMATED,276,Unnumbered Archive / Intake,INTAKE; CANON PROMOTION REQUIRED,NO PRODUCTION ID — DO NOT ASSIGN,NOT VERIFIED — IMPORTED VALUES,UNVERIFIED; FORMS REQUIRE CONSENT / CANON REVIEW,PLACEHOLDER-LIKELY; HABITAT/ROLE REVIEW,,,262,65.5,35,LOW,,56,47,82,77,0,NO NUMERIC CHANGE PROPOSED
Sunhalo,,PENDING REVIEW,Zoa,Aura,46,83,57,100,mid-tier omnivore,Great Plains,Uncommon,ESTIMATED,171,Unnumbered Archive / Intake,INTAKE; CANON PROMOTION REQUIRED,NO PRODUCTION ID — DO NOT ASSIGN,NOT VERIFIED — IMPORTED VALUES,UNVERIFIED; FORMS REQUIRE CONSENT / CANON REVIEW,PLACEHOLDER-LIKELY; HABITAT/ROLE REVIEW,,,286,71.5,54,MEDIUM,HIGH STAT >=96: INTENT REVIEW; STAT SPREAD >=50: ROLE REVIEW,46,83,57,95,-5,DRAFT CAP SUGGESTION; NOT APPROVED
Sunpetal,,PENDING REVIEW,Flora,Flora,55,59,62,45,primary producer / habitat anchor,Great Plains,Uncommon,ESTIMATED,268,Unnumbered Archive / Intake,INTAKE; CANON PROMOTION REQUIRED,NO PRODUCTION ID — DO NOT ASSIGN,NOT VERIFIED — IMPORTED VALUES,UNVERIFIED; FORMS REQUIRE CONSENT / CANON REVIEW,PLACEHOLDER-LIKELY; HABITAT/ROLE REVIEW,,,221,55.25,17,LOW,,55,59,62,45,0,NO NUMERIC CHANGE PROPOSED
Sunspire,,PENDING REVIEW,Zoa,Aura,47,65,76,53,mid-tier omnivore,Sky Haven thermals,Uncommon,ESTIMATED,414,Unnumbered Archive / Intake,INTAKE; CANON PROMOTION REQUIRED,NO PRODUCTION ID — DO NOT ASSIGN,NOT VERIFIED — IMPORTED VALUES,UNVERIFIED; FORMS REQUIRE CONSENT / CANON REVIEW,PLACEHOLDER-LIKELY; HABITAT/ROLE REVIEW,,,241,60.25,29,LOW,,47,65,76,53,0,NO NUMERIC CHANGE PROPOSED
Swamps,,PENDING REVIEW,Zoa,Aura,45,69,46,57,mid-tier omnivore,Rotting Maw wetlands,Uncommon,ESTIMATED,337,Unnumbered Archive / Intake,INTAKE; CANON PROMOTION REQUIRED,NO PRODUCTION ID — DO NOT ASSIGN,NOT VERIFIED — IMPORTED VALUES,UNVERIFIED; FORMS REQUIRE CONSENT / CANON REVIEW,PLACEHOLDER-LIKELY; HABITAT/ROLE REVIEW,,,217,54.25,24,LOW,,45,69,46,57,0,NO NUMERIC CHANGE PROPOSED
Swan,,PENDING REVIEW,Zoa,Aura,48,82,62,60,mid-tier omnivore,Great Plains,Uncommon,ESTIMATED,335,Unnumbered Archive / Intake,INTAKE; CANON PROMOTION REQUIRED,NO PRODUCTION ID — DO NOT ASSIGN,NOT VERIFIED — IMPORTED VALUES,UNVERIFIED; FORMS REQUIRE CONSENT / CANON REVIEW,PLACEHOLDER-LIKELY; HABITAT/ROLE REVIEW,,,252,63.0,34,LOW,,48,82,62,60,0,NO NUMERIC CHANGE PROPOSED
Swarm Guard,DEX-041,PERMANENT DEX,Zoa,Flora,78,84,49,78,pack hunter,Great Plains,Rare,DEX-CONFIRMED,42,Protected Core 001–125,CORE SLOT; EXISTING PERMANENT LABEL,PROTECTED SLOT PRESENT; IDENTITY APPROVAL NOT INFERRED,NOT VERIFIED — IMPORTED VALUES,UNVERIFIED; FORMS REQUIRE CONSENT / CANON REVIEW,PLACEHOLDER-LIKELY; HABITAT/ROLE REVIEW,,,289,72.25,35,LOW,,78,84,49,78,0,NO NUMERIC CHANGE PROPOSED
Sweetheart,,PENDING REVIEW,Zoa,Aura,75,53,78,60,mid-tier omnivore,Great Plains,Uncommon,ESTIMATED,257,Unnumbered Archive / Intake,INTAKE; CANON PROMOTION REQUIRED,NO PRODUCTION ID — DO NOT ASSIGN,NOT VERIFIED — IMPORTED VALUES,UNVERIFIED; FORMS REQUIRE CONSENT / CANON REVIEW,PLACEHOLDER-LIKELY; HABITAT/ROLE REVIEW,,,266,66.5,25,LOW,,75,53,78,60,0,NO NUMERIC CHANGE PROPOSED
Sylva-Lynx,,PENDING REVIEW,Zoa,Aura,83,62,73,77,mid-tier omnivore,Great Plains,Uncommon,ESTIMATED,357,Unnumbered Archive / Intake,INTAKE; CANON PROMOTION REQUIRED,NO PRODUCTION ID — DO NOT ASSIGN,NOT VERIFIED — IMPORTED VALUES,UNVERIFIED; FORMS REQUIRE CONSENT / CANON REVIEW,PLACEHOLDER-LIKELY; HABITAT/ROLE REVIEW,,,295,73.75,21,LOW,,83,62,73,77,0,NO NUMERIC CHANGE PROPOSED
Sylvornith,DEX-116,PENDING REVIEW,Zoa,Aura,68,63,52,84,mid-tier omnivore,Great Plains,Uncommon,DEX-CONFIRMED,117,Protected Core 001–125,CORE SLOT; PENDING REVIEW,PROTECTED SLOT PRESENT; IDENTITY APPROVAL NOT INFERRED,NOT VERIFIED — IMPORTED VALUES,UNVERIFIED; FORMS REQUIRE CONSENT / CANON REVIEW,PLACEHOLDER-LIKELY; HABITAT/ROLE REVIEW,,,267,66.75,32,MEDIUM,CORE NAME/FORM PENDING,68,63,52,84,0,NO NUMERIC CHANGE PROPOSED
Synchronus,DEX-094,PENDING REVIEW,Zoa,Aura,81,66,66,53,mid-tier omnivore,Great Plains,Uncommon,DEX-CONFIRMED,95,Protected Core 001–125,CORE SLOT; PENDING REVIEW,PROTECTED SLOT PRESENT; IDENTITY APPROVAL NOT INFERRED,NOT VERIFIED — IMPORTED VALUES,UNVERIFIED; FORMS REQUIRE CONSENT / CANON REVIEW,PLACEHOLDER-LIKELY; HABITAT/ROLE REVIEW,,,266,66.5,28,MEDIUM,CORE NAME/FORM PENDING,81,66,66,53,0,NO NUMERIC CHANGE PROPOSED
Synchronus Omega,DEX-095,PENDING REVIEW,Zoa,Aura,81,85,55,60,mid-tier omnivore,Great Plains,Uncommon,DEX-CONFIRMED,96,Protected Core 001–125,CORE SLOT; PENDING REVIEW,PROTECTED SLOT PRESENT; IDENTITY APPROVAL NOT INFERRED,NOT VERIFIED — IMPORTED VALUES,UNVERIFIED; FORMS REQUIRE CONSENT / CANON REVIEW,PLACEHOLDER-LIKELY; HABITAT/ROLE REVIEW,,Synchronus,281,70.25,30,MEDIUM,CORE NAME/FORM PENDING; POSSIBLE FORM / EVOLUTION RELATION,81,85,55,60,0,NO NUMERIC CHANGE PROPOSED
T-Rex,,PENDING REVIEW,Zoa,Aura,53,80,50,49,apex predator,Great Plains,Uncommon,ESTIMATED,326,Unnumbered Archive / Intake,INTAKE; CANON PROMOTION REQUIRED,NO PRODUCTION ID — DO NOT ASSIGN,NOT VERIFIED — IMPORTED VALUES,UNVERIFIED; FORMS REQUIRE CONSENT / CANON REVIEW,PLACEHOLDER-LIKELY; HABITAT/ROLE REVIEW,,,232,58.0,31,LOW,,53,80,50,49,0,NO NUMERIC CHANGE PROPOSED
Taquo,,PENDING REVIEW,Zoa,Aura,59,72,70,83,mid-tier omnivore,Great Plains,Uncommon,ESTIMATED,314,Unnumbered Archive / Intake,INTAKE; CANON PROMOTION REQUIRED,NO PRODUCTION ID — DO NOT ASSIGN,NOT VERIFIED — IMPORTED VALUES,UNVERIFIED; FORMS REQUIRE CONSENT / CANON REVIEW,PLACEHOLDER-LIKELY; HABITAT/ROLE REVIEW,,,284,71.0,24,LOW,,59,72,70,83,0,NO NUMERIC CHANGE PROPOSED
Tempus-Rex,,PENDING REVIEW,Zoa,Aura,52,81,78,71,apex predator,Great Plains,Uncommon,ESTIMATED,501,Unnumbered Archive / Intake,INTAKE; CANON PROMOTION REQUIRED,NO PRODUCTION ID — DO NOT ASSIGN,NOT VERIFIED — IMPORTED VALUES,UNVERIFIED; FORMS REQUIRE CONSENT / CANON REVIEW,PLACEHOLDER-LIKELY; HABITAT/ROLE REVIEW,,,282,70.5,29,LOW,,52,81,78,71,0,NO NUMERIC CHANGE PROPOSED
Termitune,DEX-091,PENDING REVIEW,Zoa,Terra,62,61,45,65,mid-tier omnivore,Great Plains,Uncommon,DEX-CONFIRMED,92,Protected Core 001–125,CORE SLOT; PENDING REVIEW,PROTECTED SLOT PRESENT; IDENTITY APPROVAL NOT INFERRED,NOT VERIFIED — IMPORTED VALUES,UNVERIFIED; FORMS REQUIRE CONSENT / CANON REVIEW,PLACEHOLDER-LIKELY; HABITAT/ROLE REVIEW,,,233,58.25,20,MEDIUM,CORE NAME/FORM PENDING,62,61,45,65,0,NO NUMERIC CHANGE PROPOSED
Terra Tusk,DEX-101,PENDING REVIEW,Zoa,Terra,66,92,56,69,mid-tier omnivore,Great Plains,Uncommon,DEX-CONFIRMED,102,Protected Core 001–125,CORE SLOT; PENDING REVIEW,PROTECTED SLOT PRESENT; IDENTITY APPROVAL NOT INFERRED,NOT VERIFIED — IMPORTED VALUES,UNVERIFIED; FORMS REQUIRE CONSENT / CANON REVIEW,PLACEHOLDER-LIKELY; HABITAT/ROLE REVIEW,,,283,70.75,36,MEDIUM,CORE NAME/FORM PENDING,66,92,56,69,0,NO NUMERIC CHANGE PROPOSED
Terra-Crag,,PENDING REVIEW,Zoa,Terra,70,70,83,73,mid-tier omnivore,Great Plains,Uncommon,ESTIMATED,467,Unnumbered Archive / Intake,INTAKE; CANON PROMOTION REQUIRED,NO PRODUCTION ID — DO NOT ASSIGN,NOT VERIFIED — IMPORTED VALUES,UNVERIFIED; FORMS REQUIRE CONSENT / CANON REVIEW,PLACEHOLDER-LIKELY; HABITAT/ROLE REVIEW,,,296,74.0,13,LOW,,70,70,83,73,0,NO NUMERIC CHANGE PROPOSED
Terralume,DEX-111,PENDING REVIEW,Zoa,Terra,84,80,55,60,mid-tier omnivore,Great Plains,Uncommon,DEX-CONFIRMED,112,Protected Core 001–125,CORE SLOT; PENDING REVIEW,PROTECTED SLOT PRESENT; IDENTITY APPROVAL NOT INFERRED,NOT VERIFIED — IMPORTED VALUES,UNVERIFIED; FORMS REQUIRE CONSENT / CANON REVIEW,PLACEHOLDER-LIKELY; HABITAT/ROLE REVIEW,,,279,69.75,29,MEDIUM,CORE NAME/FORM PENDING,84,80,55,60,0,NO NUMERIC CHANGE PROPOSED
Terramite,,PENDING REVIEW,Zoa,Terra,60,85,51,72,mid-tier omnivore,Great Plains,Uncommon,ESTIMATED,480,Unnumbered Archive / Intake,INTAKE; CANON PROMOTION REQUIRED,NO PRODUCTION ID — DO NOT ASSIGN,NOT VERIFIED — IMPORTED VALUES,UNVERIFIED; FORMS REQUIRE CONSENT / CANON REVIEW,PLACEHOLDER-LIKELY; HABITAT/ROLE REVIEW,,,268,67.0,34,LOW,,60,85,51,72,0,NO NUMERIC CHANGE PROPOSED
Terrawyrm,DEX-038,PERMANENT DEX,Zoa,Terra,83,81,46,79,mid-tier omnivore,Great Plains,Rare,DEX-CONFIRMED,39,Protected Core 001–125,CORE SLOT; EXISTING PERMANENT LABEL,PROTECTED SLOT PRESENT; IDENTITY APPROVAL NOT INFERRED,NOT VERIFIED — IMPORTED VALUES,UNVERIFIED; FORMS REQUIRE CONSENT / CANON REVIEW,PLACEHOLDER-LIKELY; HABITAT/ROLE REVIEW,,,289,72.25,37,LOW,,83,81,46,79,0,NO NUMERIC CHANGE PROPOSED
Tex Rex,,PENDING REVIEW,Zoa,Aura,56,63,50,77,apex predator,Great Plains,Uncommon,ESTIMATED,327,Unnumbered Archive / Intake,INTAKE; CANON PROMOTION REQUIRED,NO PRODUCTION ID — DO NOT ASSIGN,NOT VERIFIED — IMPORTED VALUES,UNVERIFIED; FORMS REQUIRE CONSENT / CANON REVIEW,PLACEHOLDER-LIKELY; HABITAT/ROLE REVIEW,,,246,61.5,27,LOW,,56,63,50,77,0,NO NUMERIC CHANGE PROPOSED
Thalassyr,DEX-105,PENDING REVIEW,Zoa,Aura,65,76,49,48,mid-tier omnivore,Great Plains,Uncommon,DEX-CONFIRMED,106,Protected Core 001–125,CORE SLOT; PENDING REVIEW,PROTECTED SLOT PRESENT; IDENTITY APPROVAL NOT INFERRED,NOT VERIFIED — IMPORTED VALUES,UNVERIFIED; FORMS REQUIRE CONSENT / CANON REVIEW,PLACEHOLDER-LIKELY; HABITAT/ROLE REVIEW,,,238,59.5,28,MEDIUM,CORE NAME/FORM PENDING,65,76,49,48,0,NO NUMERIC CHANGE PROPOSED
Thingamajig,,PENDING REVIEW,Zoa,Aura,77,77,82,63,mid-tier omnivore,Great Plains,Uncommon,ESTIMATED,325,Unnumbered Archive / Intake,INTAKE; CANON PROMOTION REQUIRED,NO PRODUCTION ID — DO NOT ASSIGN,NOT VERIFIED — IMPORTED VALUES,UNVERIFIED; FORMS REQUIRE CONSENT / CANON REVIEW,PLACEHOLDER-LIKELY; HABITAT/ROLE REVIEW,,,299,74.75,19,LOW,,77,77,82,63,0,NO NUMERIC CHANGE PROPOSED
Thistle-Crown,,PENDING REVIEW,Zoa,Aura,49,53,54,52,mid-tier omnivore,Great Plains,Uncommon,ESTIMATED,456,Unnumbered Archive / Intake,INTAKE; CANON PROMOTION REQUIRED,NO PRODUCTION ID — DO NOT ASSIGN,NOT VERIFIED — IMPORTED VALUES,UNVERIFIED; FORMS REQUIRE CONSENT / CANON REVIEW,PLACEHOLDER-LIKELY; HABITAT/ROLE REVIEW,,,208,52.0,5,LOW,,49,53,54,52,0,NO NUMERIC CHANGE PROPOSED
Thistle-Horror,,PENDING REVIEW,Zoa,Aura,79,85,58,57,mid-tier omnivore,Great Plains,Uncommon,ESTIMATED,144,Unnumbered Archive / Intake,INTAKE; CANON PROMOTION REQUIRED,NO PRODUCTION ID — DO NOT ASSIGN,NOT VERIFIED — IMPORTED VALUES,UNVERIFIED; FORMS REQUIRE CONSENT / CANON REVIEW,PLACEHOLDER-LIKELY; HABITAT/ROLE REVIEW,,,279,69.75,28,LOW,,79,85,58,57,0,NO NUMERIC CHANGE PROPOSED
Thornmask,,PENDING REVIEW,Flora,Terra,59,91,70,53,primary producer / habitat anchor,Great Plains,Uncommon,ESTIMATED,409,Unnumbered Archive / Intake,INTAKE; CANON PROMOTION REQUIRED,NO PRODUCTION ID — DO NOT ASSIGN,NOT VERIFIED — IMPORTED VALUES,UNVERIFIED; FORMS REQUIRE CONSENT / CANON REVIEW,PLACEHOLDER-LIKELY; HABITAT/ROLE REVIEW,,,273,68.25,38,LOW,,59,91,70,53,0,NO NUMERIC CHANGE PROPOSED
Thornveil,,PENDING REVIEW,Flora,Terra,90,95,81,63,primary producer / habitat anchor,Great Plains,Uncommon,ESTIMATED,411,Unnumbered Archive / Intake,INTAKE; CANON PROMOTION REQUIRED,NO PRODUCTION ID — DO NOT ASSIGN,NOT VERIFIED — IMPORTED VALUES,UNVERIFIED; FORMS REQUIRE CONSENT / CANON REVIEW,PLACEHOLDER-LIKELY; HABITAT/ROLE REVIEW,,,329,82.25,32,LOW,,90,95,81,63,0,NO NUMERIC CHANGE PROPOSED
THOTH,,LEGACY-HISTORICAL,Zoa,Aura,64,83,46,85,mid-tier omnivore,Great Plains,Uncommon,ESTIMATED,550,Unnumbered Archive / Intake,ARCHIVE; DO NOT SHIP,NO PRODUCTION ID — DO NOT ASSIGN,NOT VERIFIED — IMPORTED VALUES,UNVERIFIED; FORMS REQUIRE CONSENT / CANON REVIEW,PLACEHOLDER-LIKELY; HABITAT/ROLE REVIEW,,,278,69.5,39,MEDIUM,HISTORICAL: EXCLUDE FROM ACTIVE ROSTER,64,83,46,85,0,NO NUMERIC CHANGE PROPOSED
Thrilla Zombie,DEX-031,PERMANENT DEX,Zoa,Aura,50,79,52,84,mid-tier omnivore,Great Plains,Rare,DEX-CONFIRMED,32,Protected Core 001–125,CORE SLOT; EXISTING PERMANENT LABEL,PROTECTED SLOT PRESENT; IDENTITY APPROVAL NOT INFERRED,NOT VERIFIED — IMPORTED VALUES,UNVERIFIED; FORMS REQUIRE CONSENT / CANON REVIEW,PLACEHOLDER-LIKELY; HABITAT/ROLE REVIEW,,,265,66.25,34,LOW,,50,79,52,84,0,NO NUMERIC CHANGE PROPOSED
Thundrak,,PENDING REVIEW,Zoa,Aura,55,70,68,71,mid-tier omnivore,Great Plains,Uncommon,ESTIMATED,544,Unnumbered Archive / Intake,INTAKE; CANON PROMOTION REQUIRED,NO PRODUCTION ID — DO NOT ASSIGN,NOT VERIFIED — IMPORTED VALUES,UNVERIFIED; FORMS REQUIRE CONSENT / CANON REVIEW,PLACEHOLDER-LIKELY; HABITAT/ROLE REVIEW,,,264,66.0,16,LOW,,55,70,68,71,0,NO NUMERIC CHANGE PROPOSED
Thylundra,DEX-067,PERMANENT DEX,Zoa,Aura,49,80,53,52,mid-tier omnivore,Great Plains,Rare,DEX-CONFIRMED,68,Protected Core 001–125,CORE SLOT; EXISTING PERMANENT LABEL,PROTECTED SLOT PRESENT; IDENTITY APPROVAL NOT INFERRED,NOT VERIFIED — IMPORTED VALUES,UNVERIFIED; FORMS REQUIRE CONSENT / CANON REVIEW,PLACEHOLDER-LIKELY; HABITAT/ROLE REVIEW,,,234,58.5,31,LOW,,49,80,53,52,0,NO NUMERIC CHANGE PROPOSED
Tidalfin,,PENDING REVIEW,Zoa,Torrent,51,61,48,62,mid-tier omnivore,Rotting Maw wetlands,Uncommon,ESTIMATED,479,Unnumbered Archive / Intake,INTAKE; CANON PROMOTION REQUIRED,NO PRODUCTION ID — DO NOT ASSIGN,NOT VERIFIED — IMPORTED VALUES,UNVERIFIED; FORMS REQUIRE CONSENT / CANON REVIEW,PLACEHOLDER-LIKELY; HABITAT/ROLE REVIEW,,,222,55.5,14,LOW,,51,61,48,62,0,NO NUMERIC CHANGE PROPOSED
Tidebutton,DEX-061,PENDING REVIEW,Zoa,Torrent,68,46,69,81,reef grazer,Azure Coastline,Uncommon,DEX-CONFIRMED,62,Protected Core 001–125,CORE SLOT; PENDING REVIEW,PROTECTED SLOT PRESENT; IDENTITY APPROVAL NOT INFERRED,NOT VERIFIED — IMPORTED VALUES,UNVERIFIED; FORMS REQUIRE CONSENT / CANON REVIEW,NOT VERIFIED — SOURCE SPECIFIC,,,264,66.0,35,MEDIUM,CORE NAME/FORM PENDING,68,46,69,81,0,NO NUMERIC CHANGE PROPOSED
Tideclaw Myrmander,,PENDING REVIEW,Zoa,Torrent,79,74,47,45,apex predator,Azure Coastline,Uncommon,ESTIMATED,424,Unnumbered Archive / Intake,INTAKE; CANON PROMOTION REQUIRED,NO PRODUCTION ID — DO NOT ASSIGN,NOT VERIFIED — IMPORTED VALUES,UNVERIFIED; FORMS REQUIRE CONSENT / CANON REVIEW,NOT VERIFIED — SOURCE SPECIFIC,,,245,61.25,34,LOW,,79,74,47,45,0,NO NUMERIC CHANGE PROPOSED
Tidecoil Seran,,PENDING REVIEW,Zoa,Torrent,47,79,85,67,reef grazer,Azure Coastline,Uncommon,ESTIMATED,528,Unnumbered Archive / Intake,INTAKE; CANON PROMOTION REQUIRED,NO PRODUCTION ID — DO NOT ASSIGN,NOT VERIFIED — IMPORTED VALUES,UNVERIFIED; FORMS REQUIRE CONSENT / CANON REVIEW,NOT VERIFIED — SOURCE SPECIFIC,,,278,69.5,38,LOW,,47,79,85,67,0,NO NUMERIC CHANGE PROPOSED
Tidefin,,PENDING REVIEW,Zoa,Torrent,79,52,78,76,reef grazer,Azure Coastline,Uncommon,ESTIMATED,426,Unnumbered Archive / Intake,INTAKE; CANON PROMOTION REQUIRED,NO PRODUCTION ID — DO NOT ASSIGN,NOT VERIFIED — IMPORTED VALUES,UNVERIFIED; FORMS REQUIRE CONSENT / CANON REVIEW,NOT VERIFIED — SOURCE SPECIFIC,,,285,71.25,27,LOW,,79,52,78,76,0,NO NUMERIC CHANGE PROPOSED
Tideglow,,PENDING REVIEW,Zoa,Torrent,67,57,48,45,reef grazer,Azure Coastline,Uncommon,ESTIMATED,277,Unnumbered Archive / Intake,INTAKE; CANON PROMOTION REQUIRED,NO PRODUCTION ID — DO NOT ASSIGN,NOT VERIFIED — IMPORTED VALUES,UNVERIFIED; FORMS REQUIRE CONSENT / CANON REVIEW,NOT VERIFIED — SOURCE SPECIFIC,,,217,54.25,22,LOW,,67,57,48,45,0,NO NUMERIC CHANGE PROPOSED
Tidequill,DEX-046,PERMANENT DEX,Zoa,Torrent,64,64,72,65,reef grazer,Azure Coastline,Rare,DEX-CONFIRMED,47,Protected Core 001–125,CORE SLOT; EXISTING PERMANENT LABEL,PROTECTED SLOT PRESENT; IDENTITY APPROVAL NOT INFERRED,NOT VERIFIED — IMPORTED VALUES,UNVERIFIED; FORMS REQUIRE CONSENT / CANON REVIEW,NOT VERIFIED — SOURCE SPECIFIC,,,265,66.25,8,LOW,,64,64,72,65,0,NO NUMERIC CHANGE PROPOSED
Tigress,,PENDING REVIEW,Zoa,Aura,61,49,83,52,mid-tier omnivore,Great Plains,Uncommon,ESTIMATED,340,Unnumbered Archive / Intake,INTAKE; CANON PROMOTION REQUIRED,NO PRODUCTION ID — DO NOT ASSIGN,NOT VERIFIED — IMPORTED VALUES,UNVERIFIED; FORMS REQUIRE CONSENT / CANON REVIEW,PLACEHOLDER-LIKELY; HABITAT/ROLE REVIEW,,,245,61.25,34,LOW,,61,49,83,52,0,NO NUMERIC CHANGE PROPOSED
Timeshine,,PENDING REVIEW,Zoa,Aura,84,72,62,53,mid-tier omnivore,Great Plains,Uncommon,ESTIMATED,248,Unnumbered Archive / Intake,INTAKE; CANON PROMOTION REQUIRED,NO PRODUCTION ID — DO NOT ASSIGN,NOT VERIFIED — IMPORTED VALUES,UNVERIFIED; FORMS REQUIRE CONSENT / CANON REVIEW,PLACEHOLDER-LIKELY; HABITAT/ROLE REVIEW,,,271,67.75,31,LOW,,84,72,62,53,0,NO NUMERIC CHANGE PROPOSED
Treezing,DEX-006,PERMANENT DEX,Flora,Aura,59,84,63,51,primary producer / habitat anchor,Great Plains,Rare,DEX-CONFIRMED,7,Protected Core 001–125,CORE SLOT; EXISTING PERMANENT LABEL,PROTECTED SLOT PRESENT; IDENTITY APPROVAL NOT INFERRED,NOT VERIFIED — IMPORTED VALUES,UNVERIFIED; FORMS REQUIRE CONSENT / CANON REVIEW,PLACEHOLDER-LIKELY; HABITAT/ROLE REVIEW,,,257,64.25,33,LOW,,59,84,63,51,0,NO NUMERIC CHANGE PROPOSED
Tropiclaw,,PENDING REVIEW,Zoa,Torrent,57,73,66,74,apex predator,Rotting Maw wetlands,Uncommon,ESTIMATED,278,Unnumbered Archive / Intake,INTAKE; CANON PROMOTION REQUIRED,NO PRODUCTION ID — DO NOT ASSIGN,NOT VERIFIED — IMPORTED VALUES,UNVERIFIED; FORMS REQUIRE CONSENT / CANON REVIEW,NOT VERIFIED — SOURCE SPECIFIC,,,270,67.5,17,LOW,,57,73,66,74,0,NO NUMERIC CHANGE PROPOSED
Tuffnut,,PENDING REVIEW,Zoa,Aura,80,72,67,68,mid-tier omnivore,Great Plains,Uncommon,ESTIMATED,385,Unnumbered Archive / Intake,INTAKE; CANON PROMOTION REQUIRED,NO PRODUCTION ID — DO NOT ASSIGN,NOT VERIFIED — IMPORTED VALUES,UNVERIFIED; FORMS REQUIRE CONSENT / CANON REVIEW,PLACEHOLDER-LIKELY; HABITAT/ROLE REVIEW,,,287,71.75,13,LOW,,80,72,67,68,0,NO NUMERIC CHANGE PROPOSED
Twilight-Tricker,,PENDING REVIEW,Zoa,Aura,58,63,57,62,mid-tier omnivore,Great Plains,Uncommon,ESTIMATED,434,Unnumbered Archive / Intake,INTAKE; CANON PROMOTION REQUIRED,NO PRODUCTION ID — DO NOT ASSIGN,NOT VERIFIED — IMPORTED VALUES,UNVERIFIED; FORMS REQUIRE CONSENT / CANON REVIEW,PLACEHOLDER-LIKELY; HABITAT/ROLE REVIEW,,,240,60.0,6,LOW,,58,63,57,62,0,NO NUMERIC CHANGE PROPOSED
Twinheart,,PENDING REVIEW,Zoa,Aura,84,50,73,66,mid-tier omnivore,Great Plains,Uncommon,ESTIMATED,258,Unnumbered Archive / Intake,INTAKE; CANON PROMOTION REQUIRED,NO PRODUCTION ID — DO NOT ASSIGN,NOT VERIFIED — IMPORTED VALUES,UNVERIFIED; FORMS REQUIRE CONSENT / CANON REVIEW,PLACEHOLDER-LIKELY; HABITAT/ROLE REVIEW,,,273,68.25,34,LOW,,84,50,73,66,0,NO NUMERIC CHANGE PROPOSED
Ultra Nature Spark,DEX-022,PERMANENT DEX,Zoa,Aura,100,57,50,62,mid-tier omnivore,Great Plains,Rare,DEX-CONFIRMED,23,Protected Core 001–125,CORE SLOT; EXISTING PERMANENT LABEL,PROTECTED SLOT PRESENT; IDENTITY APPROVAL NOT INFERRED,NOT VERIFIED — IMPORTED VALUES,UNVERIFIED; FORMS REQUIRE CONSENT / CANON REVIEW,PLACEHOLDER-LIKELY; HABITAT/ROLE REVIEW,,,269,67.25,50,MEDIUM,HIGH STAT >=96: INTENT REVIEW; STAT SPREAD >=50: ROLE REVIEW,100,57,50,62,0,NO NUMERIC CHANGE PROPOSED
Umbra-Soul,,PENDING REVIEW,Zoa,Shade,56,57,64,78,mid-tier omnivore,Great Plains,Uncommon,ESTIMATED,360,Unnumbered Archive / Intake,INTAKE; CANON PROMOTION REQUIRED,NO PRODUCTION ID — DO NOT ASSIGN,NOT VERIFIED — IMPORTED VALUES,UNVERIFIED; FORMS REQUIRE CONSENT / CANON REVIEW,PLACEHOLDER-LIKELY; HABITAT/ROLE REVIEW,,,255,63.75,22,LOW,,56,57,64,78,0,NO NUMERIC CHANGE PROPOSED
Umbragoyle,,PENDING REVIEW,Zoa,Shade,61,75,60,52,mid-tier omnivore,Great Plains,Uncommon,ESTIMATED,482,Unnumbered Archive / Intake,INTAKE; CANON PROMOTION REQUIRED,NO PRODUCTION ID — DO NOT ASSIGN,NOT VERIFIED — IMPORTED VALUES,UNVERIFIED; FORMS REQUIRE CONSENT / CANON REVIEW,PLACEHOLDER-LIKELY; HABITAT/ROLE REVIEW,,,248,62.0,23,LOW,,61,75,60,52,0,NO NUMERIC CHANGE PROPOSED
Unbound,,PENDING REVIEW,Zoa,Aura,49,65,77,79,mid-tier omnivore,Great Plains,Uncommon,ESTIMATED,420,Unnumbered Archive / Intake,INTAKE; CANON PROMOTION REQUIRED,NO PRODUCTION ID — DO NOT ASSIGN,NOT VERIFIED — IMPORTED VALUES,UNVERIFIED; FORMS REQUIRE CONSENT / CANON REVIEW,PLACEHOLDER-LIKELY; HABITAT/ROLE REVIEW,,,270,67.5,30,LOW,,49,65,77,79,0,NO NUMERIC CHANGE PROPOSED
Vaelthundra,,PENDING REVIEW,Zoa,Aura,69,58,63,59,mid-tier omnivore,Great Plains,Uncommon,ESTIMATED,348,Unnumbered Archive / Intake,INTAKE; CANON PROMOTION REQUIRED,NO PRODUCTION ID — DO NOT ASSIGN,NOT VERIFIED — IMPORTED VALUES,UNVERIFIED; FORMS REQUIRE CONSENT / CANON REVIEW,PLACEHOLDER-LIKELY; HABITAT/ROLE REVIEW,,,249,62.25,11,LOW,,69,58,63,59,0,NO NUMERIC CHANGE PROPOSED
Verdanok,,PENDING REVIEW,Flora,Flora,85,67,72,72,primary producer / habitat anchor,Great Plains,Uncommon,ESTIMATED,346,Unnumbered Archive / Intake,INTAKE; CANON PROMOTION REQUIRED,NO PRODUCTION ID — DO NOT ASSIGN,NOT VERIFIED — IMPORTED VALUES,UNVERIFIED; FORMS REQUIRE CONSENT / CANON REVIEW,PLACEHOLDER-LIKELY; HABITAT/ROLE REVIEW,,,296,74.0,18,LOW,,85,67,72,72,0,NO NUMERIC CHANGE PROPOSED
Verdant Soul,,PENDING REVIEW,Flora,Flora,69,83,63,80,primary producer / habitat anchor,Great Plains,Uncommon,ESTIMATED,297,Unnumbered Archive / Intake,INTAKE; CANON PROMOTION REQUIRED,NO PRODUCTION ID — DO NOT ASSIGN,NOT VERIFIED — IMPORTED VALUES,UNVERIFIED; FORMS REQUIRE CONSENT / CANON REVIEW,PLACEHOLDER-LIKELY; HABITAT/ROLE REVIEW,,,295,73.75,20,LOW,,69,83,63,80,0,NO NUMERIC CHANGE PROPOSED
Verdantapir,,PENDING REVIEW,Flora,Flora,52,59,77,72,primary producer / habitat anchor,Great Plains,Uncommon,ESTIMATED,408,Unnumbered Archive / Intake,INTAKE; CANON PROMOTION REQUIRED,NO PRODUCTION ID — DO NOT ASSIGN,NOT VERIFIED — IMPORTED VALUES,UNVERIFIED; FORMS REQUIRE CONSENT / CANON REVIEW,PLACEHOLDER-LIKELY; HABITAT/ROLE REVIEW,,,260,65.0,25,LOW,,52,59,77,72,0,NO NUMERIC CHANGE PROPOSED
Verdanthem,DEX-107,PERMANENT DEX,Flora,Flora,54,84,76,51,primary producer / habitat anchor,Great Plains,Rare,DEX-CONFIRMED,108,Protected Core 001–125,CORE SLOT; EXISTING PERMANENT LABEL,PROTECTED SLOT PRESENT; IDENTITY APPROVAL NOT INFERRED,NOT VERIFIED — IMPORTED VALUES,UNVERIFIED; FORMS REQUIRE CONSENT / CANON REVIEW,PLACEHOLDER-LIKELY; HABITAT/ROLE REVIEW,,,265,66.25,33,LOW,,54,84,76,51,0,NO NUMERIC CHANGE PROPOSED
Verdantis,DEX-098,PENDING REVIEW,Flora,Flora,70,50,72,64,primary producer / habitat anchor,Great Plains,Uncommon,DEX-CONFIRMED,99,Protected Core 001–125,CORE SLOT; PENDING REVIEW,PROTECTED SLOT PRESENT; IDENTITY APPROVAL NOT INFERRED,NOT VERIFIED — IMPORTED VALUES,UNVERIFIED; FORMS REQUIRE CONSENT / CANON REVIEW,PLACEHOLDER-LIKELY; HABITAT/ROLE REVIEW,,,256,64.0,22,MEDIUM,CORE NAME/FORM PENDING,70,50,72,64,0,NO NUMERIC CHANGE PROPOSED
Veridan,DEX-118,PENDING REVIEW,Zoa,Aura,80,62,84,82,mid-tier omnivore,Great Plains,Uncommon,DEX-CONFIRMED,119,Protected Core 001–125,CORE SLOT; PENDING REVIEW,PROTECTED SLOT PRESENT; IDENTITY APPROVAL NOT INFERRED,NOT VERIFIED — IMPORTED VALUES,UNVERIFIED; FORMS REQUIRE CONSENT / CANON REVIEW,PLACEHOLDER-LIKELY; HABITAT/ROLE REVIEW,,,308,77.0,22,MEDIUM,CORE NAME/FORM PENDING,80,62,84,82,0,NO NUMERIC CHANGE PROPOSED
Vesperwing Parallax,,PENDING REVIEW,Zoa,Aero,77,65,55,66,mid-tier omnivore,Great Plains,Legendary,ESTIMATED,495,Unnumbered Archive / Intake,INTAKE; CANON PROMOTION REQUIRED,NO PRODUCTION ID — DO NOT ASSIGN,NOT VERIFIED — IMPORTED VALUES,UNVERIFIED; FORMS REQUIRE CONSENT / CANON REVIEW,PLACEHOLDER-LIKELY; HABITAT/ROLE REVIEW,,,263,65.75,22,LOW,,77,65,55,66,0,NO NUMERIC CHANGE PROPOSED
Veylugo,DEX-085,PENDING REVIEW,Zoa,Aura,73,55,75,55,mid-tier omnivore,Great Plains,Uncommon,DEX-CONFIRMED,86,Protected Core 001–125,CORE SLOT; PENDING REVIEW,PROTECTED SLOT PRESENT; IDENTITY APPROVAL NOT INFERRED,NOT VERIFIED — IMPORTED VALUES,UNVERIFIED; FORMS REQUIRE CONSENT / CANON REVIEW,PLACEHOLDER-LIKELY; HABITAT/ROLE REVIEW,,,258,64.5,20,MEDIUM,CORE NAME/FORM PENDING,73,55,75,55,0,NO NUMERIC CHANGE PROPOSED
Vharomaw,,PENDING REVIEW,Zoa,Aura,75,83,76,71,apex predator,Great Plains,Uncommon,ESTIMATED,354,Unnumbered Archive / Intake,INTAKE; CANON PROMOTION REQUIRED,NO PRODUCTION ID — DO NOT ASSIGN,NOT VERIFIED — IMPORTED VALUES,UNVERIFIED; FORMS REQUIRE CONSENT / CANON REVIEW,PLACEHOLDER-LIKELY; HABITAT/ROLE REVIEW,,,305,76.25,12,LOW,,75,83,76,71,0,NO NUMERIC CHANGE PROPOSED
Vinesaur-Rex,,PENDING REVIEW,Flora,Flora,53,74,71,56,apex predator,Great Plains,Uncommon,ESTIMATED,509,Unnumbered Archive / Intake,INTAKE; CANON PROMOTION REQUIRED,NO PRODUCTION ID — DO NOT ASSIGN,NOT VERIFIED — IMPORTED VALUES,UNVERIFIED; FORMS REQUIRE CONSENT / CANON REVIEW,PLACEHOLDER-LIKELY; HABITAT/ROLE REVIEW,,,254,63.5,21,LOW,,53,74,71,56,0,NO NUMERIC CHANGE PROPOSED
Virtuel,,PENDING REVIEW,Zoa,Aura,60,54,46,79,mid-tier omnivore,Great Plains,Uncommon,ESTIMATED,172,Unnumbered Archive / Intake,INTAKE; CANON PROMOTION REQUIRED,NO PRODUCTION ID — DO NOT ASSIGN,NOT VERIFIED — IMPORTED VALUES,UNVERIFIED; FORMS REQUIRE CONSENT / CANON REVIEW,PLACEHOLDER-LIKELY; HABITAT/ROLE REVIEW,,,239,59.75,33,LOW,,60,54,46,79,0,NO NUMERIC CHANGE PROPOSED
Vitrivane,DEX-069,PERMANENT DEX,Zoa,Aura,57,71,78,71,mid-tier omnivore,Great Plains,Rare,DEX-CONFIRMED,70,Protected Core 001–125,CORE SLOT; EXISTING PERMANENT LABEL,PROTECTED SLOT PRESENT; IDENTITY APPROVAL NOT INFERRED,NOT VERIFIED — IMPORTED VALUES,UNVERIFIED; FORMS REQUIRE CONSENT / CANON REVIEW,PLACEHOLDER-LIKELY; HABITAT/ROLE REVIEW,,,277,69.25,21,LOW,,57,71,78,71,0,NO NUMERIC CHANGE PROPOSED
Void Pumpkin,,PENDING REVIEW,Zoa,Shade,72,75,79,20,abyssal scavenger,Great Plains,Uncommon,ESTIMATED,155,Unnumbered Archive / Intake,INTAKE; CANON PROMOTION REQUIRED,NO PRODUCTION ID — DO NOT ASSIGN,NOT VERIFIED — IMPORTED VALUES,UNVERIFIED; FORMS REQUIRE CONSENT / CANON REVIEW,PLACEHOLDER-LIKELY; HABITAT/ROLE REVIEW,,,246,61.5,59,MEDIUM,LOW PURITY <=25: STATE REVIEW; STAT SPREAD >=50: ROLE REVIEW,72,75,79,20,0,NO NUMERIC CHANGE PROPOSED
Voidclaw,,PENDING REVIEW,Zoa,Shade,66,56,63,49,apex predator,Great Plains,Uncommon,ESTIMATED,206,Unnumbered Archive / Intake,INTAKE; CANON PROMOTION REQUIRED,NO PRODUCTION ID — DO NOT ASSIGN,NOT VERIFIED — IMPORTED VALUES,UNVERIFIED; FORMS REQUIRE CONSENT / CANON REVIEW,PLACEHOLDER-LIKELY; HABITAT/ROLE REVIEW,,,234,58.5,17,LOW,,66,56,63,49,0,NO NUMERIC CHANGE PROPOSED
Voidfang,,PENDING REVIEW,Zoa,Shade,46,65,80,46,apex predator,Great Plains,Uncommon,ESTIMATED,207,Unnumbered Archive / Intake,INTAKE; CANON PROMOTION REQUIRED,NO PRODUCTION ID — DO NOT ASSIGN,NOT VERIFIED — IMPORTED VALUES,UNVERIFIED; FORMS REQUIRE CONSENT / CANON REVIEW,PLACEHOLDER-LIKELY; HABITAT/ROLE REVIEW,,,237,59.25,34,LOW,,46,65,80,46,0,NO NUMERIC CHANGE PROPOSED
Voidheart,,PENDING REVIEW,Zoa,Shade,61,63,95,53,abyssal scavenger,Great Plains,Uncommon,ESTIMATED,208,Unnumbered Archive / Intake,INTAKE; CANON PROMOTION REQUIRED,NO PRODUCTION ID — DO NOT ASSIGN,NOT VERIFIED — IMPORTED VALUES,UNVERIFIED; FORMS REQUIRE CONSENT / CANON REVIEW,PLACEHOLDER-LIKELY; HABITAT/ROLE REVIEW,,,272,68.0,42,LOW,,61,63,95,53,0,NO NUMERIC CHANGE PROPOSED
Voidling,,PENDING REVIEW,Zoa,Shade,70,83,75,48,abyssal scavenger,Great Plains,Uncommon,ESTIMATED,209,Unnumbered Archive / Intake,INTAKE; CANON PROMOTION REQUIRED,NO PRODUCTION ID — DO NOT ASSIGN,NOT VERIFIED — IMPORTED VALUES,UNVERIFIED; FORMS REQUIRE CONSENT / CANON REVIEW,PLACEHOLDER-LIKELY; HABITAT/ROLE REVIEW,,,276,69.0,35,LOW,,70,83,75,48,0,NO NUMERIC CHANGE PROPOSED
Voidmaw,,PENDING REVIEW,Zoa,Shade,76,65,48,40,apex predator,Great Plains,Uncommon,ESTIMATED,210,Unnumbered Archive / Intake,INTAKE; CANON PROMOTION REQUIRED,NO PRODUCTION ID — DO NOT ASSIGN,NOT VERIFIED — IMPORTED VALUES,UNVERIFIED; FORMS REQUIRE CONSENT / CANON REVIEW,PLACEHOLDER-LIKELY; HABITAT/ROLE REVIEW,,,229,57.25,36,LOW,,76,65,48,40,0,NO NUMERIC CHANGE PROPOSED
Voidshade,,PENDING REVIEW,Zoa,Shade,48,72,60,19,abyssal scavenger,Great Plains,Uncommon,ESTIMATED,211,Unnumbered Archive / Intake,INTAKE; CANON PROMOTION REQUIRED,NO PRODUCTION ID — DO NOT ASSIGN,NOT VERIFIED — IMPORTED VALUES,UNVERIFIED; FORMS REQUIRE CONSENT / CANON REVIEW,PLACEHOLDER-LIKELY; HABITAT/ROLE REVIEW,,,199,49.75,53,MEDIUM,LOW PURITY <=25: STATE REVIEW; STAT SPREAD >=50: ROLE REVIEW,48,72,60,19,0,NO NUMERIC CHANGE PROPOSED
Voidshell,,PENDING REVIEW,Zoa,Shade,76,77,78,41,abyssal scavenger,Great Plains,Uncommon,ESTIMATED,212,Unnumbered Archive / Intake,INTAKE; CANON PROMOTION REQUIRED,NO PRODUCTION ID — DO NOT ASSIGN,NOT VERIFIED — IMPORTED VALUES,UNVERIFIED; FORMS REQUIRE CONSENT / CANON REVIEW,PLACEHOLDER-LIKELY; HABITAT/ROLE REVIEW,,,272,68.0,37,LOW,,76,77,78,41,0,NO NUMERIC CHANGE PROPOSED
Voidwing,,PENDING REVIEW,Zoa,Shade,73,76,81,44,abyssal scavenger,Great Plains,Uncommon,ESTIMATED,213,Unnumbered Archive / Intake,INTAKE; CANON PROMOTION REQUIRED,NO PRODUCTION ID — DO NOT ASSIGN,NOT VERIFIED — IMPORTED VALUES,UNVERIFIED; FORMS REQUIRE CONSENT / CANON REVIEW,PLACEHOLDER-LIKELY; HABITAT/ROLE REVIEW,,,274,68.5,37,LOW,,73,76,81,44,0,NO NUMERIC CHANGE PROPOSED
Volt-Shifter,,PENDING REVIEW,Zoa,Voltic,83,61,62,71,mid-tier omnivore,Great Plains,Uncommon,ESTIMATED,359,Unnumbered Archive / Intake,INTAKE; CANON PROMOTION REQUIRED,NO PRODUCTION ID — DO NOT ASSIGN,NOT VERIFIED — IMPORTED VALUES,UNVERIFIED; FORMS REQUIRE CONSENT / CANON REVIEW,PLACEHOLDER-LIKELY; HABITAT/ROLE REVIEW,,,277,69.25,22,LOW,,83,61,62,71,0,NO NUMERIC CHANGE PROPOSED
Volter-Rat,,PENDING REVIEW,Zoa,Voltic,81,69,84,48,mid-tier omnivore,Great Plains,Uncommon,ESTIMATED,516,Unnumbered Archive / Intake,INTAKE; CANON PROMOTION REQUIRED,NO PRODUCTION ID — DO NOT ASSIGN,NOT VERIFIED — IMPORTED VALUES,UNVERIFIED; FORMS REQUIRE CONSENT / CANON REVIEW,PLACEHOLDER-LIKELY; HABITAT/ROLE REVIEW,,,282,70.5,36,LOW,,81,69,84,48,0,NO NUMERIC CHANGE PROPOSED
Voltiki,,PENDING REVIEW,Zoa,Voltic,83,65,65,67,mid-tier omnivore,Great Plains,Uncommon,ESTIMATED,542,Unnumbered Archive / Intake,INTAKE; CANON PROMOTION REQUIRED,NO PRODUCTION ID — DO NOT ASSIGN,NOT VERIFIED — IMPORTED VALUES,UNVERIFIED; FORMS REQUIRE CONSENT / CANON REVIEW,PLACEHOLDER-LIKELY; HABITAT/ROLE REVIEW,,,280,70.0,18,LOW,,83,65,65,67,0,NO NUMERIC CHANGE PROPOSED
Voltkit,,PENDING REVIEW,Zoa,Voltic,66,74,62,49,mid-tier omnivore,Great Plains,Uncommon,ESTIMATED,483,Unnumbered Archive / Intake,INTAKE; CANON PROMOTION REQUIRED,NO PRODUCTION ID — DO NOT ASSIGN,NOT VERIFIED — IMPORTED VALUES,UNVERIFIED; FORMS REQUIRE CONSENT / CANON REVIEW,PLACEHOLDER-LIKELY; HABITAT/ROLE REVIEW,,,251,62.75,25,LOW,,66,74,62,49,0,NO NUMERIC CHANGE PROPOSED
Vulkaris,,PENDING REVIEW,Zoa,Aura,84,73,85,53,mid-tier omnivore,Great Plains,Uncommon,ESTIMATED,476,Unnumbered Archive / Intake,INTAKE; CANON PROMOTION REQUIRED,NO PRODUCTION ID — DO NOT ASSIGN,NOT VERIFIED — IMPORTED VALUES,UNVERIFIED; FORMS REQUIRE CONSENT / CANON REVIEW,PLACEHOLDER-LIKELY; HABITAT/ROLE REVIEW,,,295,73.75,32,LOW,,84,73,85,53,0,NO NUMERIC CHANGE PROPOSED
Vuyamba,,PENDING REVIEW,Zoa,Aura,73,50,77,73,mid-tier omnivore,Great Plains,Uncommon,ESTIMATED,376,Unnumbered Archive / Intake,INTAKE; CANON PROMOTION REQUIRED,NO PRODUCTION ID — DO NOT ASSIGN,NOT VERIFIED — IMPORTED VALUES,UNVERIFIED; FORMS REQUIRE CONSENT / CANON REVIEW,PLACEHOLDER-LIKELY; HABITAT/ROLE REVIEW,,,273,68.25,27,LOW,,73,50,77,73,0,NO NUMERIC CHANGE PROPOSED
Whaling,DEX-109,PENDING REVIEW,Zoa,Torrent,59,47,62,77,mid-tier omnivore,Rotting Maw wetlands,Uncommon,DEX-CONFIRMED,110,Protected Core 001–125,CORE SLOT; PENDING REVIEW,PROTECTED SLOT PRESENT; IDENTITY APPROVAL NOT INFERRED,NOT VERIFIED — IMPORTED VALUES,UNVERIFIED; FORMS REQUIRE CONSENT / CANON REVIEW,PLACEHOLDER-LIKELY; HABITAT/ROLE REVIEW,,,245,61.25,30,MEDIUM,CORE NAME/FORM PENDING,59,47,62,77,0,NO NUMERIC CHANGE PROPOSED
White Tiger,,PENDING REVIEW,Zoa,Aura,62,76,50,57,mid-tier omnivore,Great Plains,Uncommon,ESTIMATED,339,Unnumbered Archive / Intake,INTAKE; CANON PROMOTION REQUIRED,NO PRODUCTION ID — DO NOT ASSIGN,NOT VERIFIED — IMPORTED VALUES,UNVERIFIED; FORMS REQUIRE CONSENT / CANON REVIEW,PLACEHOLDER-LIKELY; HABITAT/ROLE REVIEW,,,245,61.25,26,LOW,,62,76,50,57,0,NO NUMERIC CHANGE PROPOSED
Whiteflame,,PENDING REVIEW,Zoa,Pyre,66,53,67,79,mid-tier omnivore,Boiling Abyss,Uncommon,ESTIMATED,173,Unnumbered Archive / Intake,INTAKE; CANON PROMOTION REQUIRED,NO PRODUCTION ID — DO NOT ASSIGN,NOT VERIFIED — IMPORTED VALUES,UNVERIFIED; FORMS REQUIRE CONSENT / CANON REVIEW,PLACEHOLDER-LIKELY; HABITAT/ROLE REVIEW,,,265,66.25,26,LOW,,66,53,67,79,0,NO NUMERIC CHANGE PROPOSED
Winterpaw,,PENDING REVIEW,Zoa,Glaze,65,87,73,72,mid-tier omnivore,Steel Frost valleys,Uncommon,ESTIMATED,237,Unnumbered Archive / Intake,INTAKE; CANON PROMOTION REQUIRED,NO PRODUCTION ID — DO NOT ASSIGN,NOT VERIFIED — IMPORTED VALUES,UNVERIFIED; FORMS REQUIRE CONSENT / CANON REVIEW,PLACEHOLDER-LIKELY; HABITAT/ROLE REVIEW,,,297,74.25,22,LOW,,65,87,73,72,0,NO NUMERIC CHANGE PROPOSED
Woe-Spawn,,PENDING REVIEW,Zoa,Aura,50,47,53,47,mid-tier omnivore,Great Plains,Uncommon,ESTIMATED,145,Unnumbered Archive / Intake,INTAKE; CANON PROMOTION REQUIRED,NO PRODUCTION ID — DO NOT ASSIGN,NOT VERIFIED — IMPORTED VALUES,UNVERIFIED; FORMS REQUIRE CONSENT / CANON REVIEW,PLACEHOLDER-LIKELY; HABITAT/ROLE REVIEW,,,197,49.25,6,LOW,,50,47,53,47,0,NO NUMERIC CHANGE PROPOSED
Worldroot Leviathan,DEX-039,PERMANENT DEX,Flora,Aura,55,82,68,72,soil engineer,Great Plains,Alpha,DEX-CONFIRMED,40,Protected Core 001–125,CORE SLOT; EXISTING PERMANENT LABEL,PROTECTED SLOT PRESENT; IDENTITY APPROVAL NOT INFERRED,NOT VERIFIED — IMPORTED VALUES,UNVERIFIED; FORMS REQUIRE CONSENT / CANON REVIEW,PLACEHOLDER-LIKELY; HABITAT/ROLE REVIEW,,,277,69.25,27,LOW,,55,82,68,72,0,NO NUMERIC CHANGE PROPOSED
Worldseed,,PENDING REVIEW,Flora,Flora,70,79,92,58,primary producer / habitat anchor,Great Plains,Uncommon,ESTIMATED,298,Unnumbered Archive / Intake,INTAKE; CANON PROMOTION REQUIRED,NO PRODUCTION ID — DO NOT ASSIGN,NOT VERIFIED — IMPORTED VALUES,UNVERIFIED; FORMS REQUIRE CONSENT / CANON REVIEW,PLACEHOLDER-LIKELY; HABITAT/ROLE REVIEW,,,299,74.75,34,LOW,,70,79,92,58,0,NO NUMERIC CHANGE PROPOSED
Worm Eco-Kin,,PENDING REVIEW,Zoa,Aura,47,80,63,59,soil engineer,Great Plains,Uncommon,ESTIMATED,423,Unnumbered Archive / Intake,INTAKE; CANON PROMOTION REQUIRED,NO PRODUCTION ID — DO NOT ASSIGN,NOT VERIFIED — IMPORTED VALUES,UNVERIFIED; FORMS REQUIRE CONSENT / CANON REVIEW,PLACEHOLDER-LIKELY; HABITAT/ROLE REVIEW,,,249,62.25,33,LOW,,47,80,63,59,0,NO NUMERIC CHANGE PROPOSED
Wormling,DEX-036,PERMANENT DEX,Zoa,Aura,46,76,50,49,soil engineer,Great Plains,Rare,DEX-CONFIRMED,37,Protected Core 001–125,CORE SLOT; EXISTING PERMANENT LABEL,PROTECTED SLOT PRESENT; IDENTITY APPROVAL NOT INFERRED,NOT VERIFIED — IMPORTED VALUES,UNVERIFIED; FORMS REQUIRE CONSENT / CANON REVIEW,PLACEHOLDER-LIKELY; HABITAT/ROLE REVIEW,,,221,55.25,30,LOW,,46,76,50,49,0,NO NUMERIC CHANGE PROPOSED
Xochiprowl,,PENDING REVIEW,Zoa,Aura,68,64,64,58,mid-tier omnivore,Great Plains,Uncommon,ESTIMATED,373,Unnumbered Archive / Intake,INTAKE; CANON PROMOTION REQUIRED,NO PRODUCTION ID — DO NOT ASSIGN,NOT VERIFIED — IMPORTED VALUES,UNVERIFIED; FORMS REQUIRE CONSENT / CANON REVIEW,PLACEHOLDER-LIKELY; HABITAT/ROLE REVIEW,,,254,63.5,10,LOW,,68,64,64,58,0,NO NUMERIC CHANGE PROPOSED
Yolk,,PENDING REVIEW,Zoa,Aura,59,76,63,50,mid-tier omnivore,Great Plains,Uncommon,ESTIMATED,333,Unnumbered Archive / Intake,INTAKE; CANON PROMOTION REQUIRED,NO PRODUCTION ID — DO NOT ASSIGN,NOT VERIFIED — IMPORTED VALUES,UNVERIFIED; FORMS REQUIRE CONSENT / CANON REVIEW,PLACEHOLDER-LIKELY; HABITAT/ROLE REVIEW,,,248,62.0,26,LOW,,59,76,63,50,0,NO NUMERIC CHANGE PROPOSED
Zangoro Seedling,DEX-117,PENDING REVIEW,Flora,Flora,89,57,80,76,primary producer / habitat anchor,Great Plains,Uncommon,DEX-CONFIRMED,118,Protected Core 001–125,CORE SLOT; PENDING REVIEW,PROTECTED SLOT PRESENT; IDENTITY APPROVAL NOT INFERRED,NOT VERIFIED — IMPORTED VALUES,UNVERIFIED; FORMS REQUIRE CONSENT / CANON REVIEW,PLACEHOLDER-LIKELY; HABITAT/ROLE REVIEW,,,302,75.5,32,MEDIUM,CORE NAME/FORM PENDING,89,57,80,76,0,NO NUMERIC CHANGE PROPOSED
Zebrask,,MERGE-DUPLICATE,Zoa,Aura,84,77,56,60,mid-tier omnivore,Great Plains,Uncommon,ESTIMATED,549,Unnumbered Archive / Intake,ARCHIVE; DO NOT SHIP,NO PRODUCTION ID — DO NOT ASSIGN,NOT VERIFIED — IMPORTED VALUES,UNVERIFIED; FORMS REQUIRE CONSENT / CANON REVIEW,PLACEHOLDER-LIKELY; HABITAT/ROLE REVIEW,ZebraskA,,277,69.25,28,HIGH,ARCHIVAL MERGE TARGET REVIEW,84,77,56,60,0,NO NUMERIC CHANGE PROPOSED
ZebraskA,DEX-026,PERMANENT DEX,Zoa,Aura,56,83,53,82,mid-tier omnivore,Great Plains,Rare,DEX-CONFIRMED,27,Protected Core 001–125,CORE SLOT; EXISTING PERMANENT LABEL,PROTECTED SLOT PRESENT; IDENTITY APPROVAL NOT INFERRED,NOT VERIFIED — IMPORTED VALUES,UNVERIFIED; FORMS REQUIRE CONSENT / CANON REVIEW,PLACEHOLDER-LIKELY; HABITAT/ROLE REVIEW,,,274,68.5,30,MEDIUM,LOCK DEX SPELLING; ALIAS REVIEW,56,83,53,82,0,NO NUMERIC CHANGE PROPOSED
ZENITHOR,,PENDING REVIEW,Zoa,Aura,72,58,57,54,mid-tier omnivore,Great Plains,Uncommon,ESTIMATED,460,Unnumbered Archive / Intake,INTAKE; CANON PROMOTION REQUIRED,NO PRODUCTION ID — DO NOT ASSIGN,NOT VERIFIED — IMPORTED VALUES,UNVERIFIED; FORMS REQUIRE CONSENT / CANON REVIEW,PLACEHOLDER-LIKELY; HABITAT/ROLE REVIEW,,,241,60.25,18,LOW,,72,58,57,54,0,NO NUMERIC CHANGE PROPOSED
Zephyrahn,,PENDING REVIEW,Zoa,Aero,100,51,56,81,mid-tier omnivore,Great Plains,Uncommon,ESTIMATED,353,Unnumbered Archive / Intake,INTAKE; CANON PROMOTION REQUIRED,NO PRODUCTION ID — DO NOT ASSIGN,NOT VERIFIED — IMPORTED VALUES,UNVERIFIED; FORMS REQUIRE CONSENT / CANON REVIEW,PLACEHOLDER-LIKELY; HABITAT/ROLE REVIEW,,,288,72.0,49,MEDIUM,HIGH STAT >=96: INTENT REVIEW,95,51,56,81,-5,DRAFT CAP SUGGESTION; NOT APPROVED
